address,bookingLinks/0/name,bookingLinks/0/url,bookingLinks/1/name,bookingLinks/1/url,categories/0,categories/1,categories/2,categories/3,categories/4,categories/5,categories/6,categories/7,categories/8,categoryName,city,emails/0,emails/1,facebookProfiles/0/accountVerificationStatus,facebookProfiles/0/adStatus,facebookProfiles/0/categories/0,facebookProfiles/0/categories/1,facebookProfiles/0/categories/2,facebookProfiles/0/coverPhoto,facebookProfiles/0/creationDate,facebookProfiles/0/description,facebookProfiles/0/email,facebookProfiles/0/externalProfileURL,facebookProfiles/0/facebookId,facebookProfiles/0/followersCount,facebookProfiles/0/followingCount,facebookProfiles/0/info/0,facebookProfiles/0/info/1,facebookProfiles/0/info/2,facebookProfiles/0/likes,facebookProfiles/0/location,facebookProfiles/0/messenger,facebookProfiles/0/phone,facebookProfiles/0/privateProfile,facebookProfiles/0/profileName,facebookProfiles/0/profilePictureURL,facebookProfiles/0/profileURL,facebookProfiles/0/socialInputUrl,facebookProfiles/0/startUrl,facebookProfiles/0/username,locatedIn,location/lat,location/lng,menu,permanentlyClosed,phone,phoneUnformatted,phones/0,phones/1,phones/2,phones/3,phonesUncertain/0,phonesUncertain/1,phonesUncertain/2,phonesUncertain/3,phonesUncertain/4,phonesUncertain/5,phonesUncertain/6,phonesUncertain/7,phonesUncertain/8,phonesUncertain/9,phonesUncertain/10,phonesUncertain/11,phonesUncertain/12,phonesUncertain/13,phonesUncertain/14,phonesUncertain/15,phonesUncertain/16,postalCode,reviewsCount,reviewsDistribution/fiveStar,reviewsDistribution/fourStar,reviewsDistribution/oneStar,reviewsDistribution/threeStar,reviewsDistribution/twoStar,reviewsTags/0/count,reviewsTags/0/title,reviewsTags/1/count,reviewsTags/1/title,reviewsTags/2/count,reviewsTags/2/title,reviewsTags/3/count,reviewsTags/3/title,reviewsTags/4/count,reviewsTags/4/title,reviewsTags/5/count,reviewsTags/5/title,reviewsTags/6/count,reviewsTags/6/title,reviewsTags/7/count,reviewsTags/7/title,reviewsTags/8/count,reviewsTags/8/title,reviewsTags/9/count,reviewsTags/9/title,searchPageUrl,street,subTitle,title,totalScore,url,webResults/0/description,webResults/0/displayedUrl,webResults/0/title,webResults/0/url,webResults/1/description,webResults/1/displayedUrl,webResults/1/title,webResults/1/url,webResults/2/description,webResults/2/displayedUrl,webResults/2/title,webResults/2/url,website
"2 Perry St, Chislehurst BR7 6PT, United Kingdom",,,,,Construction company,,,,,,,,,Construction company,Chislehurst,jamie@grs.uk.com,,,,,,,,,,,,,,,,,,,,,,,,,,,,,,51.4185988,0.0964284,,false,+44 7703 680399,447703680399,7703680399,,,,7703680399,,,,,,,,,,,,,,,,,BR7 6PT,7,7,0,0,0,0,4,roof repair,2,quality work,3,staff,4,roof,2,team,,,,,,,,,,,"https://www.google.com/maps/search/Renovation/@51.31885544538459,0.184284196129347,13z?hl=en",2 Perry St,,Green Renovation Solutions,5,https://www.google.com/maps/search/?api=1&query=Green%20Renovation%20Solutions&query_place_id=ChIJ3y13Nwyt2EcRSbfedyaEJCE,"GREEN RENOVATION SOLUTIONS LTD - Free company information from Companies House including registered office address, filing history, accounts, annual return, ...",https://find-and-update.company-information.service.gov.uk › ...,green renovation solutions ltd - Companies House - GOV.UK,https://find-and-update.company-information.service.gov.uk/company/16506502,Windows / Doors / Conservatories · Conservatory Roof Insulation · Draught Proofing · Exterior Doors Installation · Exterior Doors Repair · Loft Windows Installation.,https://www.checkatrade.com › trades › greenrenovatio...,Green Renovation Solutions | Chislehurst - Checkatrade,https://www.checkatrade.com/trades/greenrenovationsolutions,"GREEN RENOVATION SOLUTIONS LTD - Free ... Mr Jamie Alan George Osborne Active. Correspondence address: 2 Perry Street Gardens, Chislehurst, England, BR7 6PT.",https://find-and-update.company-information.service.gov.uk › ...,green renovation solutions ltd - Companies House,https://find-and-update.company-information.service.gov.uk/company/16506502/persons-with-significant-control,http://grs.uk.com/
"32 Homemead Rd, Bromley BR2 8BA, United Kingdom",,,,,Construction company,,,,,,,,,Construction company,Bromley,info@a-and-a-rendering-ltd.com,,,,,,,,,,,,,,,,,,,,,,,,,,,,,,51.3920579,0.052978,,false,+44 7737 116065,447737116065,447737116065,,,,7868 729221,51.527378,2051672,7737116065,7737 116065,,,,,,,,,,,,,BR2 8BA,12,12,0,0,0,0,3,workmanship,3,professional team,3,communication,3,insulation,2,efficient,,,,,,,,,,,"https://www.google.com/maps/search/Rendering/@51.31885544538459,0.184284196129347,13z?hl=en",32 Homemead Rd,,A and A Rendering limited,5,https://www.google.com/maps/search/?api=1&query=A%20and%20A%20Rendering%20limited&query_place_id=ChIJ8cUKDqar2EcRx4P1UVyh-4s,"Yes — A and A Rendering Ltd is based at 32 Homemead Rd, Bromley BR2. We are a local rendering company near you covering all Bromley and Orpington postcodes.",https://a-and-a-rendering-ltd.com,External Rendering Bromley | A and A Rendering Ltd,https://a-and-a-rendering-ltd.com/,"A AND A RENDERING LIMITED - Free company information from Companies House including registered office address, filing history, accounts, annual return, ...",https://find-and-update.company-information.service.gov.uk › ...,a and a rendering limited - Companies House - GOV.UK,https://find-and-update.company-information.service.gov.uk/company/14956656,"This is where our journey begins. Get to know A AND A RENDERING LTD, a construction company based in Bromley, United Kingdom, and what we do, and how we're ...",https://temp-hkrktvqjkffcbxvhinvm.webadorsite.com,A AND A RENDERING LTD,https://temp-hkrktvqjkffcbxvhinvm.webadorsite.com/,https://www.a-and-a-rendering-ltd.com/
"33 Eversley Ave, London DA7 6RD, United Kingdom",,,,,Construction company,Building firm,Insulation contractor,Plasterer,,,,,,Construction company,London,info@ecorenderinghousesltd.co.uk,,,,,,,,,,,,,,,,,,,,,,,,,,,,,,51.4652032,0.1700818,,false,+44 20 3856 7098,442038567098,2038567098,,,,020 3856 7098,11649822,,,,,,,,,,,,,,,,DA7 6RD,28,27,1,0,0,0,3,house rendering,2,semi-detached,3,house insulation,2,fast completion,2,smooth finish,4,great finish,5,polite staff,3,tidiness,2,house exterior,6,professional team,"https://www.google.com/maps/search/Rendering/@51.31885544538459,0.184284196129347,13z?hl=en",33 Eversley Ave,,Eco Rendering Houses,5,https://www.google.com/maps/search/?api=1&query=Eco%20Rendering%20Houses&query_place_id=ChIJ8wFLWmwZdkgRYLDpLEqLTR8,"Quality External Wall Insulation, Rendering, Damp Proofing in London ... At Eco Rendering houses Ltd, we are respected in the field and take pride in our work.",https://ecorenderinghousesltd.co.uk,ECO Rendering Houses,https://ecorenderinghousesltd.co.uk/,"ECO RENDERING HOUSES LTD - Free company information from Companies House including registered office address, filing history, accounts, annual return, ...",https://find-and-update.company-information.service.gov.uk › ...,eco rendering houses ltd - Companies House - GOV.UK,https://find-and-update.company-information.service.gov.uk/company/11649822,"Coloured silicone render: ... Eco rendering houses ltd is in Sevenoaks, United Kingdom. Oct 21, 2025· 󰟠.",https://www.facebook.com › ... › Construction Company,Eco rendering houses ltd | London - Facebook,https://www.facebook.com/p/Eco-rendering-houses-ltd-100063754222592/,http://ecorenderinghousesltd.co.uk/
"Hope Park, Bromley BR1 3RG, United Kingdom",sbrendering.co.uk,https://sbrendering.co.uk/,,,Construction company,,,,,,,,,Construction company,Bromley,sb.plastering@hotmail.com,,,,,,,,,,,,,,,,,,,,,,,,,,,,,,51.4125703,0.0101919,,false,+44 7770 540303,447770540303,(123)4567-890,447770540303,,,7770 540303,7463 358575,7770540303,7463 35 8575,,,,,,,,,,,,,,BR1 3RG,2,2,0,0,0,0,,,,,,,,,,,,,,,,,,,,,"https://www.google.com/maps/search/Rendering/@51.31885544538459,0.184284196129347,13z?hl=en",Hope Park,,Sb plastering & rendering limited,5,https://www.google.com/maps/search/?api=1&query=Sb%20plastering%20%26%20rendering%20limited&query_place_id=ChIJV4v8XfGr2EcRq307DfyEqvY,"SB Plastering & Rendering Specialist is a professional business with a high reputation to uphold, and with over 18 years' experience in the trade we.",https://sbrendering.co.uk,SB Plastering: Home,https://sbrendering.co.uk/,"SB PLASTERING & RENDERING LIMITED - Free company information from Companies House including registered office address, filing history, accounts, ...",https://find-and-update.company-information.service.gov.uk › ...,sb plastering & rendering limited - Companies House - GOV.UK,https://find-and-update.company-information.service.gov.uk/company/13001432,"SB Finishing provides expert plastering, rendering, and damp proofing services throughout Bromley and the surrounding areas.",https://www.sbfinishing.co.uk,Plasterer near me in Bromley | SB Finishing | Plastering repair ...,https://www.sbfinishing.co.uk/,https://sbrendering.co.uk/
"4 Hayne Rd, Beckenham BR3 4XD, United Kingdom",,,,,Construction company,,,,,,,,,Construction company,Beckenham,info@britnine.com,,,,,,,,,,,,,,,,,,,,,,,,,,,,,,51.4105711,-0.0337221,,false,+44 7311 459056,447311459056,447311459056,,,,7311 459 056,731 145 9056,,,,,,,,,,,,,,,,BR3 4XD,30,30,0,0,0,0,2,external insulation,7,rendering,4,tidiness,4,efficient team,6,punctuality,7,attention to detail,10,quality of work,2,fair pricing,3,professional team,5,cleanliness,"https://www.google.com/maps/search/Rendering/@51.31885544538459,0.184284196129347,13z?hl=en",4 Hayne Rd,,EAR Rendering Solution & Insulation,5,https://www.google.com/maps/search/?api=1&query=EAR%20Rendering%20Solution%20%26%20Insulation&query_place_id=ChIJrRwwyMwBdkgRhg6bakdOoz8,"At EAR Rendering Solution & Insulation, we offer premier plastering and decorating services across the UK. ... EAR Rendering Solution & Insulation delivers ...",https://earrendering.co.uk,EAR RENDERING,https://earrendering.co.uk/,One more successful project completed by the EAR Rendering team. This property has been fully protected with a complete silicone render system and 100mm EPS ...,https://www.instagram.com › ear_rendering_,(@ear_rendering_) • Instagram photos and videos,https://www.instagram.com/ear_rendering_/,"Get in Touch ... At EAR Rendering Solution & Insulation, we offer premier plastering and decorating services across the UK. Links.",https://earrendering.co.uk › contact,Contact - EAR RENDERING,https://earrendering.co.uk/contact/,https://earrendering.co.uk/
"Meadow View, Cackets La, Cudham, Sevenoaks TN14 7QG, United Kingdom",,,,,Roofing contractor,,,,,,,,,Roofing contractor,Sevenoaks,,,,,,,,,,,,,,,,,,,,,,,,,,,,,,,51.317298,0.080833,,false,+44 1959 534742,441959534742,1959534742,7860275382,,,1959 534742,7860 275382,,,,,,,,,,,,,,,,TN14 7QG,2,2,0,0,0,0,,,,,,,,,,,,,,,,,,,,,"https://www.google.com/maps/search/Roofing/@51.31885544538459,0.184284196129347,13z?hl=en","Meadow View, Cackets La",,A C Roofing,5,https://www.google.com/maps/search/?api=1&query=A%20C%20Roofing&query_place_id=ChIJo4kvbpBU30cR2RlLM6lDiek,"Based in Sevenoaks, Kent, but providing expert roofing repairs, installations and maintenance for homeowners and businesses across London and Kent.",https://www.acroofingservices.co.uk,"Roofing Services Kent & London, AC Roofing",https://www.acroofingservices.co.uk/,"AC Roofing Services, Sevenoaks. 183 likes. Based in Sevenoaks, Kent, but providing ... Details. 󱞴. Page · Roofing Service. 󱤂. acroofingservices.co.uk. Posts.",https://www.facebook.com › ... › Roofing Service,AC Roofing Services | Sevenoaks - Facebook,https://www.facebook.com/ACRoofingService/,"AC roofing contractors provide roof repairs and installations for homes and businesses across London, Surrey and Kent. They have worked for many schools and ...",https://www.acroofingservices.co.uk › about,"About AC Roofing Contractors in Sevenoaks, Kent",https://www.acroofingservices.co.uk/about,https://www.acroofingservices.co.uk/
"North Dr, Orpington BR6 9PG, United Kingdom",,,,,Handyman/Handywoman/Handyperson,Deck builder,Fence contractor,Painter,,,,,,Handyman/Handywoman/Handyperson,Orpington,d.clements@allroundhandyman.co.uk,,,,,,,,,,,,,,,,,,,,,,,,,,,,,,51.3621964,0.0870335,,false,+44 7879 558111,447879558111,7879558111,,,,7879558111,,,,,,,,,,,,,,,,,BR6 9PG,2,2,0,0,0,0,,,,,,,,,,,,,,,,,,,,,"https://www.google.com/maps/search/Handyman/@51.31885544538459,0.184284196129347,13z?hl=en",North Dr,,All Round Handyman Services,5,https://www.google.com/maps/search/?api=1&query=All%20Round%20Handyman%20Services&query_place_id=ChIJG3nWWlmr2EcRMZXOiUv0WCA,"All Round. Handyman Services · Area of Service. ORPINGTON, CHELSFIELD,GREEN ST GREEN,FARNBOURGH PRATTS BOTTOM KNOCKHOLT,KESTON,DOWNE,HALSTEADBIGGIN HILL. PETTS ...",https://www.allroundhandyman.co.uk,Handyman services L B Bromley area,https://www.allroundhandyman.co.uk/,"About: We are professional handyman service, that specialise in those jobs around the house or office that you have been unable to tackle.",https://www.smartbusinessdirectory.co.uk › company,All Round Handyman Services | Property Maintenance,https://www.smartbusinessdirectory.co.uk/company/14476.html,"Handyman in Orpington , Bromley and local areas.",https://www.allroundhandyman.co.uk › portfolio,Experianced Handyman Orpington pictures,https://www.allroundhandyman.co.uk/portfolio,http://www.allroundhandyman.co.uk/
"Spekehill, Coldharbour Estate, London SE9 3BN, United Kingdom",,,,,Fence contractor,Deck builder,Security service,,,,,,,Fence contractor,London,contactus@fourbrothersfencing.co.uk,,,This Page isn't currently running ads.,Page,Fence & Gate Contractor,,https://scontent-den2-1.xx.fbcdn.net/v/t39.30808-6/480577556_1056736929803834_1871309147618326251_n.jpg?stp=dst-jpg_tt6&cstp=mx1800x1200&ctp=s960x960&_nc_cat=111&ccb=1-7&_nc_sid=cc71e4&_nc_ohc=lKFdE7T0I84Q7kNvwG7TL1D&_nc_oc=AdrK8SGIMrjb6fHn6ZhnTwRNHtlEYSoL8wITyBcD1my7_neUXrw7qeoeASToHdyNB4M&_nc_zt=23&_nc_ht=scontent-den2-1.xx&_nc_gid=clgcIRqGkwEpG0MGCi1plw&_nc_ss=72289&oh=00_AQAsCWOWwUo7AoP11lOT_ConRxBSVlh0k3afnt27bpWYRg&oe=6A53E3D2,"October 24, 2019",,contactus@fourbrothersfencing.co.uk,https://www.fourbrothersfencing.co.uk/,100064026091018,34,,"Fourbrothersfencing. 34 likes. We carry out all work in Security fencing, Domestic fencing, Timber fencing, Artificial lawns, Shed bases, Pergolas,...",,,34,,,+44 7783 728857,,Fourbrothersfencing,https://scontent-den2-1.xx.fbcdn.net/v/t39.30808-1/311122952_492114986266034_6642553458368270692_n.png?stp=c41.0.117.117a_dst-png&cstp=mx117x117&ctp=s117x117&_nc_cat=100&ccb=1-7&_nc_sid=f907e8&_nc_ohc=LPmvDLXdIaIQ7kNvwEtGoT7&_nc_oc=AdoTDffTDiv8-HFQCzg8RWpO9evXB0J2GR33dVnJ5Th0W-FTnxe0DWxGJicYNANP8vU&_nc_zt=24&_nc_ht=scontent-den2-1.xx&_nc_gid=oq3GzKF1_ufC6u9eoVf7IA&_nc_ss=72289&oh=00_AQDwCQe_Yi9o4YbCrAAd0RnU0sXfUrDokXzzXts5cGzPdw&oe=6A53CF13,https://www.facebook.com/Fourbrothersfencing-104887024277594,https://www.facebook.com/Fourbrothersfencing-104887024277594,https://www.facebook.com/Fourbrothersfencing-104887024277594,fbfencing,,51.4298588,0.0541852,,false,+44 7783 728857,447783728857,,,,,0778 3728857,,,,,,,,,,,,,,,,,SE9 3BN,85,77,1,6,1,0,7,quick work,2,garden gate replacement,6,quick estimate,4,garden transformation,2,concrete spurs,6,fencing work,4,detailed quote,2,rubbish removal,9,tidiness,3,decking,"https://www.google.com/maps/search/Fencing%20&%20Gates/@51.31885544538459,0.184284196129347,13z?hl=en",Spekehill,,FourBrothers Fencing,4.7,https://www.google.com/maps/search/?api=1&query=FourBrothers%20Fencing&query_place_id=ChIJAyxhPtar2EcRkJ8ZaXnjKWs,,,,,,,,,,,,,http://www.fourbrothersfencing.co.uk/
"28 Sutherland Ave, Biggin Hill, Westerham TN16 3HE, United Kingdom",,,,,Fence contractor,,,,,,,,,Fence contractor,Westerham,info@brstaceyfencing.co.uk,,,This Page isn't currently running ads.,Page,Fence & Gate Contractor,,https://scontent-iad3-1.xx.fbcdn.net/v/t39.30808-6/477439666_1162289082568874_349492698009473202_n.jpg?stp=dst-jpg_tt6&cstp=mx960x720&ctp=s960x720&_nc_cat=110&ccb=1-7&_nc_sid=cc71e4&_nc_ohc=ly_TpVmkhFgQ7kNvwGdrpg2&_nc_oc=AdpOEDAwN8BiIXR4W9wBLyaZOCzCOeH7agc7ECqz9hlaXEFzSIF3jy_2A7FFOSs5_Uw&_nc_zt=23&_nc_ht=scontent-iad3-1.xx&_nc_gid=KxZXmQ_IMl7NDaz9W0DN1g&_nc_ss=72289&oh=00_AQAmbvLzrl-UCSZUyVZcxGMU3_y3OBZm7ICfuTeXwutmpg&oe=6A53F2E9,"April 28, 2018",,info@brstaceyfencing.co.uk,https://www.brstaceyfencing.co.uk/,100063633787270,564,,"B R Stacey Fencing, London. 564 likes",3 were here. We are a family run business and have been established since 1975. We undertake all types of fencing,,564,"London, United Kingdom, TN16 3HE",,+44 1959 575749,,B R Stacey Fencing | London,https://scontent-iad3-1.xx.fbcdn.net/v/t39.30808-1/294795757_460795449384911_6765217320586913764_n.png?stp=dst-png&cstp=mx354x354&ctp=s200x200&_nc_cat=104&ccb=1-7&_nc_sid=f907e8&_nc_ohc=5yP53JmbnakQ7kNvwG2sOZs&_nc_oc=AdqAGerdrlFVBuiJ200GLq6xeorkNH3KM-lpT2FMNahrcjwA4YrvoGgEPehvtbPpJnM&_nc_zt=24&_nc_ht=scontent-iad3-1.xx&_nc_gid=CQFW2joymEQmcSYWP3uGQw&_nc_ss=72289&oh=00_AQDIXdBAbNlTCMGEXJB50ChAuCRovN1n8QWcXwgBHuVsag&oe=6A53F05D,https://www.facebook.com/BRStaceyFencing,https://www.facebook.com/BRStaceyFencing,https://www.facebook.com/BRStaceyFencing,BRStaceyFencing,,51.3087948,0.0354056,,false,+44 1959 575749,441959575749,,,,,1959 575749,,,,,,,,,,,,,,,,,TN16 3HE,14,10,2,1,0,1,2,value,3,communication,2,fencing,,,,,,,,,,,,,,,"https://www.google.com/maps/search/Fencing%20&%20Gates/@51.31885544538459,0.184284196129347,13z?hl=en",28 Sutherland Ave,,B R Stacey Fencing Contractors,4.4,https://www.google.com/maps/search/?api=1&query=B%20R%20Stacey%20Fencing%20Contractors&query_place_id=ChIJ4RbQp_xU30cRjvXHz2qUweE,"We are a family run fencing company Established in 1975 by Brian Stacey now run by son Roy Stacey. Based in Biggin Hill, we cover East Surrey, South London, ...",https://brstaceyfencing.co.uk,B R Stacey Fencing: HOME,https://brstaceyfencing.co.uk/,To arrange your FREE quotation please contact us on 01959 575749 or alternatively at info@brstaceyfencing.co.uk.,https://www.facebook.com › BRStaceyFencing,B R Stacey Fencing | London - Facebook,https://www.facebook.com/BRStaceyFencing/,Telephone : 01959575749. Email: info@brstaceyfencing.co.uk Fencing specialists Established since 1975 Contact us for a FREE quotation.,https://www.instagram.com › brstaceyfencing,B R Stacey Fencing (@brstaceyfencing) - Instagram,https://www.instagram.com/brstaceyfencing/,http://www.brstaceyfencing.co.uk/
"26 Burrfield Dr, Orpington BR5 4BZ, United Kingdom",,,,,Fence contractor,,,,,,,,,Fence contractor,Orpington,info@fence-masters.co.uk,,,This Page isn't currently running ads.,Page,Fence & Gate Contractor,Landscape Company,https://scontent-ord5-1.xx.fbcdn.net/v/t39.30808-6/491998849_122096565674854417_5823802528823333117_n.jpg?stp=dst-jpg_tt6&cstp=mx3228x1299&ctp=s960x960&_nc_cat=101&ccb=1-7&_nc_sid=cc71e4&_nc_ohc=40OMG19DDfIQ7kNvwE1etor&_nc_oc=AdqAibPNF6R7P5vkM_O_cj5Lgf1_o3oSp7n6o_oUiSDZxG6JjxF1_Si7ZVoXwA2wtr0&_nc_zt=23&_nc_ht=scontent-ord5-1.xx&_nc_gid=Nu1azYOfCFiiXwReJ1XGoQ&_nc_ss=72289&oh=00_AQBOuZO1BlkDJFcpIYFUDrlM0F9eic0jwNw0hg7_oAnMZA&oe=6A53C318,"April 22, 2025",,info@fence-masters.co.uk,http://www.fence-masters.co.uk/,61575632518854,53,,"Fencemasters, Orpington. 53 likes. Fencemasters are leading garden fencing contractors and installers, with years of experience in providing high-quality...",,,53,"26 Burrfield Dr, Orpington, United Kingdom, BR5 4BZ",,+44 1689 602608,,Fencemasters | Orpington,https://scontent-ord5-2.xx.fbcdn.net/v/t39.30808-1/492137571_122096567054854417_5139237052304426221_n.jpg?stp=c128.128.1034.1034a_dst-jpg_tt6&cstp=mx1034x1034&ctp=s200x200&_nc_cat=103&ccb=1-7&_nc_sid=f907e8&_nc_ohc=RjyfDsgDXdcQ7kNvwG1nIYi&_nc_oc=Ado-_uNDG4RLAnNsY8FibZjEkuSEKzHN_p5iyR0vVYZzutDqbxNN0JktFZksRJ6Pf8I&_nc_zt=24&_nc_ht=scontent-ord5-2.xx&_nc_gid=-bUwvpv0JgwLUyUEHEdtYQ&_nc_ss=72289&oh=00_AQBSjK20ZtJnM7dxr0Wz5eHurpZOA5g5sTfCJqvZNdC0Kg&oe=6A53E457,https://www.facebook.com/profile.php?id=61575632518854,https://www.facebook.com/profile.php?id=61575632518854,https://www.facebook.com/profile.php?id=61575632518854,people,,51.3903574,0.1201409,,false,+44 1689 602608,441689602608,7958602761,,,,1689 602608,7958 602761,,,,,,,,,,,,,,,,BR5 4BZ,12,12,0,0,0,0,2,back garden fence installation,3,tidy,3,high standards,2,patio,2,garden work,3,friendly staff,2,workmanship,4,punctuality,3,fence installation,6,garden,"https://www.google.com/maps/search/Fencing%20&%20Gates/@51.31885544538459,0.184284196129347,13z?hl=en",26 Burrfield Dr,,Fencemasters,5,https://www.google.com/maps/search/?api=1&query=Fencemasters&query_place_id=ChIJbd2dESCt2EcRyPSCzJG2cRA,"Fence Masters is a reputable and experienced fencing contractor built on over 20 years of experience offering fence repairs, fence panelling, garden sheds, ...",https://fence-masters.co.uk,Fencing in Orpington | Fencemasters | Orpington Fencing,https://fence-masters.co.uk/,We needed a new secure sideway gate and frame. It looks great and we're very pleased. Done on the agreed day with no fuss or bother.,https://www.checkatrade.com › trades › fencemasters,Fence Masters | Fencing / Gates | Orpington - Checkatrade,https://www.checkatrade.com/trades/fencemasters,"For over 20 years, Tom has made Fencemasters into a trusted and meticulous fencing contractor, renowned for delivering exceptional quality. We prioritise ...",https://fence-masters.co.uk › fencing-companies-in-bro...,About Us | Fencemasters | Fencing Contractors in Orpington,https://fence-masters.co.uk/fencing-companies-in-bromley/,https://www.fence-masters.co.uk/
"6 Belle Vue Rd, Downe, Orpington BR6 7HR, United Kingdom",,,,,Tile contractor,,,,,,,,,Tile contractor,Orpington,,,,,,,,,,,,,,,,,,,,,,,,,,,,,,,51.3403491,0.0567587,,false,+44 1689 870384,441689870384,,,,,,,,,,,,,,,,,,,,,,BR6 7HR,3,3,0,0,0,0,,,,,,,,,,,,,,,,,,,,,"https://www.google.com/maps/search/Tiling/@51.31885544538459,0.184284196129347,13z?hl=en",6 Belle Vue Rd,,GB Tiling Ltd.,5,https://www.google.com/maps/search/?api=1&query=GB%20Tiling%20Ltd.&query_place_id=ChIJEf9hldFU30cRVszj_TdBuUQ,GB Tiling has a team of tilers with over 30 years' experience within all aspects of tiling. We deliver a high quality service to both domestic and commercial ...,http://gbtilingltd.co.uk,GB Tiling Ltd: Specialist Tiling Service,http://gbtilingltd.co.uk/,"We are a high end domestic and commercial tiling contractor based in Kent carrying out various high end projects - Big enough to cope, small enough to care.",https://www.tiles.org.uk › members › gb-tiling-ltd,GB Tiling LTD - The Tile Association,https://www.tiles.org.uk/members/gb-tiling-ltd/,"CAULFIELD, Jack · Office 5, Drewitt House, 865 Ringwood Road, Bournemouth, England, BH11 8LL · Active ; CAULFIELD, Jack · 6 Belle Vue Road, Downe, Orpington, ...",https://find-and-update.company-information.service.gov.uk › ...,GB TILING LTD people - Find and update company information,https://find-and-update.company-information.service.gov.uk/company/08732539/officers,http://gbtilingltd.co.uk/
"18 Ash Rd, Green Street Green, Orpington BR6 6AZ, United Kingdom",,,,,Landscape designer,Fence contractor,Landscaper,,,,,,,Landscape designer,Orpington,info@iconiclandscapes.co,,,This Page isn't currently running ads.,Page,Landscape Company,,https://scontent-msp1-1.xx.fbcdn.net/v/t39.30808-6/304899422_440457651438488_7604153707326445745_n.png?stp=dst-png&cstp=mx820x312&ctp=s820x312&_nc_cat=104&ccb=1-7&_nc_sid=cc71e4&_nc_ohc=WOegyHAyspoQ7kNvwGloNUm&_nc_oc=Adp5J8ftYapj4H4oHFHLFrY6dD_8gdyfqcUXweaqvam_fnMPirzS9zUfAl5iF5SmKWE&_nc_zt=23&_nc_ht=scontent-msp1-1.xx&_nc_gid=5KQ05PBoZSTrk3nr--Xreg&_nc_ss=7c289&oh=00_AQD5OETVkrZ7TERsWJEqiIlmcmWmbNQJGL1EEJyl59m93g&oe=6A53C358,"October 7, 2020",,info@iconiclandscapes.co,http://www.iconiclandscapes.co/,100064227694482,55,,"Iconic Landscapes, Orpington. 55 likes. At Iconic Landscapes we are committed to providing a professional service and take great pride in our work, no...",,,55,"Services Available In:, Orpington, United Kingdom, BR6",,+44 7740 310409,,Iconic Landscapes | Orpington,https://scontent-msp1-1.xx.fbcdn.net/v/t39.30808-1/302895845_440457648105155_7664469480565759782_n.png?stp=dst-png&cstp=mx627x627&ctp=s200x200&_nc_cat=107&ccb=1-7&_nc_sid=f907e8&_nc_ohc=haCbVvkqgywQ7kNvwFxVsD_&_nc_oc=Ado0t2OQvvYXhQLiO4xFMP1OxmF4flhH9V9xJZiXKnFTgTPWzz_u1pjUpfxDpk86Ei0&_nc_zt=24&_nc_ht=scontent-msp1-1.xx&_nc_gid=mR73oyuxALlZmTy8kd4XFA&_nc_ss=7c289&oh=00_AQCApiG10JkBYqaez__FFvCPhdKAy64phfFi5g9eu4LQrg&oe=6A53D89B,https://www.facebook.com/Iconic-Landscapes-Ltd-110915004115893,https://www.facebook.com/Iconic-Landscapes-Ltd-110915004115893,https://www.facebook.com/Iconic-Landscapes-Ltd-110915004115893,weareiconiclandscapes,,51.3498516,0.0948516,,false,+44 7740 310409,447740310409,,,,,1689 492543,,,,,,,,,,,,,,,,,BR6 6AZ,9,9,0,0,0,0,2,garden transformation,2,artificial turf installation,2,patio design,2,care and precision,2,craftsmanship,2,professional team,3,fencing,,,,,,,"https://www.google.com/maps/search/Landscaping/@51.31885544538459,0.184284196129347,13z?hl=en",18 Ash Rd,,Iconic Landscapes Ltd,5,https://www.google.com/maps/search/?api=1&query=Iconic%20Landscapes%20Ltd&query_place_id=ChIJx8txgtmt2EcRK5BNbuHCDAo,"Iconic Landscapes, established in 2008, is a London based landscape company. We operate in London and the South East. 2015. We expanded to accommodate our ...",https://www.iconiclandscapes.co,iconiclandscapes.co,https://www.iconiclandscapes.co/,"Iconic Landscapes, Orpington. 55 likes. At Iconic Landscapes we are committed to ... Services Available In:, Orpington, United Kingdom, BR6. Links.",https://www.facebook.com › ... › Iconic Landscapes,Iconic Landscapes | Orpington - Facebook,https://www.facebook.com/Iconic-Landscapes-Ltd-110915004115893/,"We are Iconic. Surrey based luxury Landscaping, Design and Build company. landscaping services.",https://iconic-landscapes.co.uk,Iconic Landscapes,https://iconic-landscapes.co.uk/,http://www.iconiclandscapes.co/
"Unit 12, Metro Business Centre, Kangley Bridge Rd, London SE26 5BW, United Kingdom",,,,,Ventilating equipment manufacturer,,,,,,,,,Ventilating equipment manufacturer,London,help@efamair.com,,,,,,,,,,,,,,,,,,,,,,,,,,,,,,51.421705,-0.0351998,,false,+44 800 084 3520,448000843520,,,,,0800 084 3520,,,,,,,,,,,,,,,,,SE26 5BW,61,58,1,1,1,0,2,kind engineer,3,helpful team,3,quick work,6,cleanliness,10,professional engineer,8,polite staff,2,proficient work,2,HRV,3,thoroughness,7,punctuality,"https://www.google.com/maps/search/Ventilation/@51.31885544538459,0.184284196129347,13z?hl=en","Unit 12, Metro Business Centre, Kangley Bridge Rd",,EFAM Air,4.9,https://www.google.com/maps/search/?api=1&query=EFAM%20Air&query_place_id=ChIJ___DX4UBdkgRQDP56aFT4tc,EFAM Air are the Official Ventilation Partner of Crystal Palace Football Club providing full service solutions in ventilation across the local community.,https://efamair.com,EFAM Air,https://efamair.com/,"EFAM AIR | 196 followers on LinkedIn. Residential ... Locations. Primary. Kangley Bridge Road. Unit 12 Metro Business Centre. London, England SE26 5BW, GB.",https://uk.linkedin.com › company › efam-air,EFAM AIR - LinkedIn,https://uk.linkedin.com/company/efam-air,"*EFAM AIR ARE ACTIVELY RECRUITING* UK Full driving licence required London, East Sussex and Kent Based AC, Ventilation or/and Electical experience preferred but ...",https://www.facebook.com › efamair,EFAM AIR | London - Facebook,https://www.facebook.com/efamair/,http://efamair.com/
"High St, Chislehurst BR7 6JU, United Kingdom",,,,,Fence contractor,,,,,,,,,Fence contractor,Chislehurst,info@chislehurstfencing.com,,,,,,,,,,,,,,,,,,,,,,,,,,,,,,51.4160617,0.0697047,,false,+44 20 8050 7079,442080507079,,,,,0208 050 7079,,,,,,,,,,,,,,,,,BR7 6JU,47,47,0,0,0,0,4,side gate,10,good quote,2,concrete spur,2,gate replacement,2,quick survey,3,site cleanup,2,clear quote,8,fence replacement,5,tidiness,2,sturdy fence,"https://www.google.com/maps/search/Fencing%20&%20Gates/@51.31885544538459,0.184284196129347,13z?hl=en",High St,,Chislehurst Fencing,5,https://www.google.com/maps/search/?api=1&query=Chislehurst%20Fencing&query_place_id=ChIJfwuiGP6r2EcR06CIgEK2Juk,Welcome to Chislehurst Fencing - Your go-to for top-quality fencing solutions in Chislehurst and surrounding areas. Contact us for a free quote today!,https://www.chislehurstfencing.co.uk,Chislehurst Fencing: Quality Fencing Solutions,https://www.chislehurstfencing.co.uk/,"Welcome to MJ Fencing, Driveways & Groundworks! We provide Fencing in Chislehurst and surrounding areas. Contact us for a free quote today!",https://fencingchislehurst.co.uk,"Fencing Chislehurst | MJ Fencing, Driveways & Groundworks",https://fencingchislehurst.co.uk/,"Chislehurst Fencing, a fencing contractor in Kent, fit Postsaver rot protectors to wooden posts as a Postsaver Approved Installer.",https://www.postsaver.com › Home › Approved Installers,Chislehurst Fencing is a Postsaver Approved Installer,https://www.postsaver.com/en-gb/fencing-contractors/chislehurst-fencing-in-kent/,http://www.chislehurstfencing.co.uk/
"Ravensbourne Cres, Romford RM3 0UD, United Kingdom",,,,,Electrician,Solar energy company,Solar energy system service,,,,,,,Electrician,Romford,Info@r-e-services.co.uk,,,,,,,,,,,,,,,,,,,,,,,,,,,,,,51.5847497,0.2328518,,false,+44 7745 342351,447745342351,,,,,1731091008261,1731091014974,1731091009224,1192834365,3491249,6754719,44951185124,7157476,1730730754287,1730751162966,1730730650417,68756713056,472081009,1708 837 027,7745 342 351,1559593002966,,RM3 0UD,34,34,0,0,0,0,5,battery installation,2,efficient installation,2,energy bill savings,4,polite staff,2,clear explanations,3,fair pricing,3,electric car charger installation,2,professional team,2,workmanship,4,punctuality,"https://www.google.com/maps/search/Electrical/@51.5745282773077,0.184284196129347,13z?hl=en",Ravensbourne Cres,,Radke Electrical services Limited,5,https://www.google.com/maps/search/?api=1&query=Radke%20Electrical%20services%20Limited&query_place_id=ChIJ6ytgKVeZMC4R9_ZUru0iiuE,"Select “Accept all” to agree to our use of cookies and similar technologies to enhance your browsing experience, security, analytics and customization.",https://www.r-e-services.co.uk,RADKE ELECTRICAL & RENEWABLE SERVICES LTD,https://www.r-e-services.co.uk/,"RADKE ELECTRICAL SERVICES LIMITED - Free company information from Companies House including registered office address, filing history, accounts, ...",https://find-and-update.company-information.service.gov.uk › ...,radke electrical services limited - Companies House - GOV.UK,https://find-and-update.company-information.service.gov.uk/company/12622477,"... United Kingdom. Core Services & Brands. Solar PV (Design, Installation & Maintenance); Battery Storage Solutions; Solar PV Repair Services; Electrical ...",https://renewablesexcellence.co.uk › ... › Solar Installers,Radke Electrical Services Limited | Romford Solar Specialists,https://renewablesexcellence.co.uk/installers/solar/romford/radke-electrical-services/,http://www.r-e-services.co.uk/
"42 Felstead Rd, Orpington BR6 9AB, United Kingdom",,,,,Fence contractor,Gardener,Landscaper,,,,,,,Fence contractor,Orpington,info@fbfencing.co.uk,,,This Page isn't currently running ads.,Page,Fence & Gate Contractor,,https://scontent-iad6-1.xx.fbcdn.net/v/t39.30808-6/477732281_1187357263241419_1602942831984316091_n.jpg?stp=dst-jpg_tt6&cstp=mx1774x888&ctp=s960x960&_nc_cat=107&ccb=1-7&_nc_sid=cc71e4&_nc_ohc=DzC0e2RT5RkQ7kNvwHR0EST&_nc_oc=AdpTwu4aawR0zaZOm8m_it2hAbD6XHKMnAh86I7U2KetVSLJ-5YrRJOspihzGp3UuA0&_nc_zt=23&_nc_ht=scontent-iad6-1.xx&_nc_gid=qhPBcrlbTaIhauur4FS3cQ&_nc_ss=72289&oh=00_AQDBrqsE4OcXD_7-XVNIcxM0-We_VZoo4BPFqhW16HlYZQ&oe=6A53DB01,"August 23, 2012",,info@fbfencing.co.uk,http://fbfencing.co.uk/,100059014696252,395,,Farnborough fencing & landscaping services. 395 likes. Farnborough Fencing - 07745143773,,,395,,,+44 7745 143773,,Farnborough fencing & landscaping services,https://scontent-iad3-2.xx.fbcdn.net/v/t39.30808-1/465466066_1112222880754858_6020935702038957773_n.jpg?stp=dst-jpg_tt6&cstp=mx960x960&ctp=s200x200&_nc_cat=105&ccb=1-7&_nc_sid=f907e8&_nc_ohc=RywtoOOm7QQQ7kNvwF-ZYiA&_nc_oc=Adpg7mZ6zWMrXYLzzO7myAviQt8Hm3gxeKlC618de_f_El7ie5Duv0q08ITPO7WPZ9o&_nc_zt=24&_nc_ht=scontent-iad3-2.xx&_nc_gid=F_-dWkObwPrhmFzBDGApXw&_nc_ss=72289&oh=00_AQBIOjbOvqjtkjq5EnQ-yvKXqb3IddC0k0uN9SdeDv3E4g&oe=6A53DB2C,https://www.facebook.com/farnfencing,https://www.facebook.com/farnfencing,https://www.facebook.com/farnfencing,farnfencing,,51.3718074,0.101199,,false,+44 7745 143773,447745143773,7745143773,,,,186771552,7745 14 3773,11060730,7745143773,,,,,,,,,,,,,,BR6 9AB,92,85,0,4,0,3,9,new gate,3,garden gate replacement,4,patio work,3,concrete posts,2,garden rubbish clearance,2,hedge removal,17,friendly team,10,tidiness,3,prompt quote,2,fence removal,"https://www.google.com/maps/search/Fencing%20&%20Gates/@51.31885544538459,0.184284196129347,13z?hl=en",42 Felstead Rd,,Farnborough Fencing & Landscaping Services,4.7,https://www.google.com/maps/search/?api=1&query=Farnborough%20Fencing%20%26%20Landscaping%20Services&query_place_id=ChIJ4197-M6t2EcRW4mjjR_uDEY,Farnborough Fencing & Landscaping Services are your local fencing contractor orpington.,https://www.fbfencing.co.uk,Fencing Orpington | Farnborough Fencing | England,https://www.fbfencing.co.uk/,"Farnborough fencing & landscaping services is in Orpington, United Kingdom. Oct 28, 2025󰞋󱟠. 󳄫. Featheredge panels with Allen concrete gravel boards ...",https://www.facebook.com › farnfencing,Farnborough fencing & landscaping services (@farnfencing),https://www.facebook.com/farnfencing/,Farnborough Fencing & Landscaping Services is a highly regarded company specializing in fencing and landscaping solutions. Customers frequently praise the ...,https://farnborough-fencing-landscaping-services.wheree.com,FARNBOROUGH FENCING & LANDSCAPING SERVICES ...,https://farnborough-fencing-landscaping-services.wheree.com/,http://www.fbfencing.co.uk/
"89 Seymer Rd, Romford RM1 4LA, United Kingdom",,,,,Plumber,Bathroom remodeler,Heating contractor,,,,,,,Plumber,Romford,,,,,,,,,,,,,,,,,,,,,,,,,,,,,,,51.587087,0.1772593,,false,+44 7528 232298,447528232298,,,,,447528232298,7528232298,7528 232298,181.177.96.148,,,,,,,,,,,,,,RM1 4LA,17,17,0,0,0,0,4,boiler servicing,3,bathroom upgrade,2,radiator replacement,3,tidiness,2,plasterer,2,plumbing leak repair,3,tiler,4,punctuality,2,quality of work,2,efficiency,"https://www.google.com/maps/search/Plumbing/@51.5745282773077,0.184284196129347,13z?hl=en",89 Seymer Rd,,Marshalls Park Plumbing,5,https://www.google.com/maps/search/?api=1&query=Marshalls%20Park%20Plumbing&query_place_id=ChIJtUsyum0oRqkRaUxsvvXHn2A,"At Marshalls Park Plumbing, no job is too big or too small. Whether it's a leaky tap, a full bathroom installation, or an emergency repair, our experienced ...",https://www.marshallsparkplumbing.com,MARSHALLS PARK PLUMBING & HEATING 07528232298 ...,https://www.marshallsparkplumbing.com/,"Hi, I'm the owner of Marshalls Park Plumbing — a trusted local business proudly serving Havering and the surrounding areas. Whether you're facing a dripping tap ...",https://www.trustatrader.com › traders › marshalls-park-...,"Marshalls Park Plumbing Ltd, Romford | Approved Plumbers",https://www.trustatrader.com/traders/marshalls-park-plumbing-ltd-plumbers-romford-east,"Marshalls Park Plumbing is in Romford, United Kingdom. May 27, 2025󰞋󱟠. 󳄫. This customer wanted to replace their old vented hot water cylinder with a new ...",https://www.facebook.com › ... › Plumbing Service,Marshalls Park Plumbing - Facebook,https://www.facebook.com/p/Marshalls-Park-Plumbing-61576722482404/,http://www.marshallsparkplumbing.com/
"Unit 9-12, Charmwood Farm, Charmwood Ln, Orpington BR6 7SA, United Kingdom",,,,,Construction company,,,,,,,,,Construction company,Orpington,,,,This Page isn't currently running ads.,Page,Business service,,https://scontent-den2-1.xx.fbcdn.net/v/t39.30808-6/481050394_1173897857772431_5710697965097865623_n.jpg?stp=dst-jpg_tt6&cstp=mx853x960&ctp=s853x960&_nc_cat=102&ccb=1-7&_nc_sid=cc71e4&_nc_ohc=cQbVoD9H9H4Q7kNvwEFg1kz&_nc_oc=Adq5cogpvDD7hB9zxtf9OjXMw2rti1x_-5-9boseTgjQMfdh8LjIM23X5QVpkQ00dFg&_nc_zt=23&_nc_ht=scontent-den2-1.xx&_nc_gid=5m3WMkAUD4zsKtTalp2-0A&_nc_ss=7c289&oh=00_AQAYlkukL1IWfr1Nhae6x0uSzJQbA0Dlibcv5bJmuVQBOQ&oe=6A53CADD,"April 28, 2016",,enquiries@yhb.org.uk,http://www.yhb.org.uk/,100054566825093,44,,"YHB Contracts Ltd, London. 44 likes",4 were here. YHB Contracts LTD offers a wide range of refurbishment services. From planning to building of any...,,44,"Unit 9-12 Charmwood Farm, Charmwood Lane, Orpington Kent, BR67SA, London, United Kingdom, BR67SA",,+44 20 8858 6777,,YHB Contracts Ltd | London,https://scontent-den2-1.xx.fbcdn.net/v/t39.30808-1/301897149_598678045294418_8897896171207718791_n.jpg?stp=dst-jpg_tt6&cstp=mx298x298&ctp=s200x200&_nc_cat=102&ccb=1-7&_nc_sid=f907e8&_nc_ohc=FSKpft2g4okQ7kNvwG2i5VZ&_nc_oc=AdpAAGFwsOWUEGyyMQexrHFK33HhbuicjJMYR32ivdL3xvfl1x5l4p-X_Gik_FaAFDo&_nc_zt=24&_nc_ht=scontent-den2-1.xx&_nc_gid=wh5Y4JTvQdzPJkVekXrLWg&_nc_ss=7c289&oh=00_AQBy3NmYLRet7AkjVED1gv0P4u2Yg76bXXNJZI7PCsgwDA&oe=6A53EF09,https://www.facebook.com/pages/category/Business-Service/YHB-Contracts-225108761197450,https://www.facebook.com/pages/category/Business-Service/YHB-Contracts-225108761197450,https://www.facebook.com/pages/category/Business-Service/YHB-Contracts-225108761197450,people,,51.3437829,0.102817,,false,+44 20 8858 6777,442088586777,020 8858 6777,,,,020 8858 6777,,,,,,,,,,,,,,,,,BR6 7SA,1,1,0,0,0,0,,,,,,,,,,,,,,,,,,,,,"https://www.google.com/maps/search/Construction%20/@51.31885544538459,0.184284196129347,13z?hl=en","Unit 9-12, Charmwood Farm, Charmwood Ln",,YHB Contracts Ltd,5,https://www.google.com/maps/search/?api=1&query=YHB%20Contracts%20Ltd&query_place_id=ChIJwehWipxT30cR50ZwHXAH1Hc,"YHB Contracts Ltd is a family run business whose mission is to exceed client's ... Orpington, Kent, BR6 7SA. Phone: 020 8858 6777. Email: enquiries@yhb.org.uk ...",https://www.yhb.org.uk,YHB Contracts LTD - Builders of Integrity,https://www.yhb.org.uk/,"YHB Contracts Ltd is a family run business whose mission is to exceed client's ... Orpington, Kent, BR6 7SA. Phone: 020 8858 6777. Email: enquiries@yhb.org.uk ...",https://www.yhb.org.uk › contact-us,Contact Us - YHB Contracts LTD,https://www.yhb.org.uk/contact-us/,"Details. 󰡍. 2 Reviews. 󰦁. $$. 󰛏. Closed now. 󰘛. Unit 9-12 Charmwood Farm, Charmwood Lane, Orpington Kent, BR67SA, London, United Kingdom,... ; Links. 󰤂. yhb.org.",https://www.facebook.com › ... › Business service,YHB Contracts Ltd | London - Facebook,https://www.facebook.com/p/YHB-Contracts-Ltd-100054566825093/,https://www.yhb.org.uk/
"40 Purbeck Rd, Hornchurch RM11 1NA, United Kingdom",casplumbingheating.co.uk,https://casplumbingheating.co.uk/contact,servicem8.com,https://book.servicem8.com/request_booking?uuid=3efb44e0-82f6-4f70-8fd6-227b7bd0a02b,Plumber,Air conditioning contractor,Gas engineer,Heating contractor,,,,,,Plumber,Hornchurch,CAS.heating21@gmail.com,,,,,,,,,,,,,,,,,,,,,,,,,,,,,,51.5668291,0.1988366,,false,+44 1708 918775,441708918775,,,,,1708918775,100076126005494,,,,,,,,,,,,,,,,RM11 1NA,102,100,0,2,0,0,10,helpful engineers,3,install thermostat,6,radiator repair,2,combi boiler fitting,4,heating system repair,2,kitchen tap installation,2,same day repair,2,bathroom refurbishment,2,clean and tidy,4,central heating,"https://www.google.com/maps/search/Plumbing/@51.5745282773077,0.184284196129347,13z?hl=en",40 Purbeck Rd,,CAS Plumbing and Heating Services Ltd,4.9,https://www.google.com/maps/search/?api=1&query=CAS%20Plumbing%20and%20Heating%20Services%20Ltd&query_place_id=ChIJXe98sra72EcR-zTY_QLCwVg,We aim to respond to plumbing emergencies in Hornchurch and surrounding Essex areas within 1 to 2 hours. Call us directly on 01708 918 775 for the fastest ...,https://www.casplumbingheating.co.uk,"CAS Plumbing: Plumber, Heating & AC in Hornchurch",https://www.casplumbingheating.co.uk/,"CAS Plumbing & Heating Services Ltd, Hornchurch. 228 likes · 30 talking about this. CAS Plumbing & Heating Services Ltd are trusted Gas Safe & F-Gas...",https://www.facebook.com › ... › Plumbing Service,CAS Plumbing & Heating Services Ltd | Hornchurch - Facebook,https://www.facebook.com/p/CAS-Plumbing-Heating-Services-Ltd-100076126005494/,"CAS PLUMBING AND HEATING SERVICES LTD - Free company information from ... United Kingdom, CM15 9RP. Company status: Active. Company type: Private limited ...",https://find-and-update.company-information.service.gov.uk › ...,cas plumbing and heating services ltd - Companies House,https://find-and-update.company-information.service.gov.uk/company/14481649,http://www.casplumbingheating.co.uk/
"224 North St, Romford RM1 4QD, United Kingdom",,,,,Plumber,Boiler supplier,Drainage service,Heating contractor,Heating equipment supplier,,,,,Plumber,Romford,,,,,,,,,,,,,,,,,,,,,,,,,,,,,,,51.5844708,0.1742296,,false,+44 7932 718660,447932718660,447932718660,,,,+44 7932 718660,,,,,,,,,,,,,,,,,RM1 4QD,32,32,0,0,0,0,2,emergency plumber,2,response time,2,plumbing leak repair,3,job quality,3,problem solving,2,efficiency,2,job done,2,job,,,,,"https://www.google.com/maps/search/Plumbing/@51.5745282773077,0.184284196129347,13z?hl=en",224 North St,,OM Emergency Plumbing,5,https://www.google.com/maps/search/?api=1&query=OM%20Emergency%20Plumbing&query_place_id=ChIJ18ASpzbK4aIRqAXeXMDgpvk,"Need an emergency plumber in Romford? OMemergency offers 24/7 rapid response for all plumbing, drainage, and central heating issues. Call now for fast ...",https://omemergency.co.uk › plumbers-romford,OMemergency - 24/7 Emergency Plumber in London,https://omemergency.co.uk/plumbers-romford,"Romford Emergency Plumber, Romford. 239 likes · 1 talking about this. Profesional plumber in Romford. Boiler repair and installations. General plumbing...",https://www.facebook.com › romfordemergencyplumb...,Romford Emergency Plumber - Facebook,https://www.facebook.com/romfordemergencyplumber.co.uk/,"24/7 Emergency Service in Romford and the Surrounding Area. Local Romford Plumbers Near You. Fast Response, the Same Day Repairs Boilers, ...",https://www.trustpilot.com › ... › Plumber,Romford Emergency Plumber Reviews 2 - Trustpilot,https://www.trustpilot.com/review/www.romfordemergencyplumber.co.uk,https://omemergency.co.uk/
"7 Poole Rd, Hornchurch RM11 3AS, United Kingdom",,,,,Electrician,Electrical engineer,Electrical installation service,Home automation company,Home cinema installation,Telecommunications engineer,,,,Electrician,Hornchurch,info@mandkelectrical.co.uk,,,This Page isn't currently running ads.,Page,Company,,https://scontent.fsac1-1.fna.fbcdn.net/v/t39.30808-6/652946500_26187976640812606_6583575424589428735_n.jpg?stp=dst-jpg_tt6&cstp=mx960x640&ctp=s960x640&_nc_cat=104&ccb=1-7&_nc_sid=cc71e4&_nc_ohc=QreJwir5bQUQ7kNvwFJ_yeK&_nc_oc=AdqKj395WPPCqtcacuW_Ig_hJ43tcdQZp-KHCHt-wInegRFqoQbplwv8OPoAExEGAnk&_nc_zt=23&_nc_ht=scontent.fsac1-1.fna&_nc_gid=w2xRsvNu4FLS-T2mpKhd1Q&_nc_ss=7c289&oh=00_AQBAHpvv6Wso5YIFthdO5q5UmbEtD_ZulpkF5r2AjmDmDw&oe=6A53D392,"March 11, 2016",,info@mandkelectrical.co.uk,http://Www.mandkelectrical.co.uk/,100063580177216,195,,MandK Electrical. 195 likes,"1 talking about this. Our scope of work includes:-

• Lighting Design
• Lighting Control
• Audio Visual
• Cinema room
• 4K...",,195,"M&K Electrical & Data Ltd, Compamy Reg 8185177",,,,MandK Electrical,https://scontent.fsac1-1.fna.fbcdn.net/v/t1.6435-1/196023414_180960490699956_4638467369085410717_n.jpg?stp=c82.0.433.433a_dst-jpg_tt6&cstp=mx433x433&ctp=s200x200&_nc_cat=108&ccb=1-7&_nc_sid=f907e8&_nc_ohc=dsh-Z0E9XS8Q7kNvwF38zWO&_nc_oc=Ado3hM7suZDDlxBB3fQRhhJJbjTMt56LBdd-C1sxRphb-7sBq-xRBV2H3JfDCSvHCME&_nc_zt=24&_nc_ht=scontent.fsac1-1.fna&_nc_gid=2437yCQsz8rUYeffV6QdNA&_nc_ss=7c289&oh=00_AQDqXCmxVtykKGW7VHrZ6_jORC_ctSI9UXcMiu82gj6oXw&oe=6A75955B,https://www.facebook.com/MKElectricalAV,https://www.facebook.com/MKElectricalAV,https://www.facebook.com/MKElectricalAV,MKElectricalAV,,51.5664743,0.2352164,,false,+44 7545 370597,447545370597,,,,,1708 606077,7545 370597,,,,,,,,,,,,,,,,RM11 3AS,9,8,0,0,1,0,2,quality of work,,,,,,,,,,,,,,,,,,,"https://www.google.com/maps/search/Electrical/@51.5745282773077,0.184284196129347,13z?hl=en",7 Poole Rd,,M & K Electrical & Data,4.8,https://www.google.com/maps/search/?api=1&query=M%20%26%20K%20Electrical%20%26%20Data&query_place_id=ChIJb5rdrh-l2EcR0BGEcyRz-_o,M&K Electrical and Data is a NICEIC approved family run business with more than 22 years of experience in the electrical industry.,https://www.mandkelectrical.co.uk,M & K Electrical,https://www.mandkelectrical.co.uk/,"With 22 years of experience within the industry; Michael Taylor-Salmon is the Managing Director. Having worked with British Telecom for seven years, and is ...",https://www.mandkelectrical.co.uk › about-us,About us – M & K Electrical - m&k electrical,https://www.mandkelectrical.co.uk/about-us/,"M & K ELECTRICAL & DATA LIMITED - Free company ... SALMON, Michael Terry. Correspondence address: 7 Poole Road, Hornchurch, Essex, England, RM11 3AS.",https://find-and-update.company-information.service.gov.uk › ...,m & k electrical & data limited - Companies House,https://find-and-update.company-information.service.gov.uk/company/08185177/officers,https://www.mandkelectrical.co.uk/
"Dagenham Rd, Dagenham RM10 7UH, United Kingdom",,,,,Electrician,Electric vehicle charging station,Electrical installation service,Lighting contractor,,,,,,Electrician,Dagenham,jnvelectrical@hotmail.com,,,This Page isn't currently running ads.,Page,Electrician,,https://scontent.fsan1-1.fna.fbcdn.net/v/t39.30808-6/636828214_122097161853276773_2931200813196273306_n.png?stp=dst-png&cstp=mx1536x1024&ctp=s1536x1024&_nc_cat=106&ccb=1-7&_nc_sid=cc71e4&_nc_ohc=ORGRyYspGAIQ7kNvwHeAPNX&_nc_oc=AdrZbsO_e5IgGat870fDL3RB2-0-2T6upMYeYAKlIApaJCNigbXqBJMynp3xOfCnyVw&_nc_zt=23&_nc_ht=scontent.fsan1-1.fna&_nc_gid=bpFg8XKCdBui_YF6NR2sMQ&_nc_ss=7c289&oh=00_AQALzrrTqx5_Sh27QQrZOeJu8k8YlA-i8g8L2mMd2FY-rw&oe=6A53E58C,February 18,,jnvelectrical@hotmail.com,https://www.google.com/search?sca_esv=8ce23dab683c27e1&biw=402&bih=606&sxsrf=ANbL-n6jA8wJdA2E3FEo10o1t87K-MSPUg%3A1771446721051&kgmid=%2Fg%2F11yrw6bvv6&q=JNV+Electrical+and+Maintenance&shem=epsdc%2Crimspc%2Crimspiosc&shndl=30&source=sh%2Fx%2Floc%2Fact%2Fm4%2F3,61588303205078,78,,JNV Electrical & Maintenance. 78 likes,"1 talking about this. Local NICEIC registered electrician with over 25 years’ experience providing reliable,...",,78,,,+44 7581 369720,,JNV Electrical & Maintenance,https://scontent.fsan1-2.fna.fbcdn.net/v/t39.30808-1/637166611_122098557249276773_8329145087394570119_n.jpg?stp=dst-jpg_tt6&cstp=mx1024x1024&ctp=s200x200&_nc_cat=100&ccb=1-7&_nc_sid=f907e8&_nc_ohc=UWuksTMVyPwQ7kNvwHatfWH&_nc_oc=AdoVbwPL20uW27u-Ax-bAnw8KXhG0MROL_Ci0uGv7PWtCE3Q5YK9v-TZoqFvyBbONqA&_nc_zt=24&_nc_ht=scontent.fsan1-2.fna&_nc_gid=VivL7Dh3oYUxsHwtbrIUNQ&_nc_ss=7c289&oh=00_AQBwH4Ia3-bgUfrPAxQWhp5GZ1XHNU2MRKTEhaQgk0NhZQ&oe=6A53DEAB,https://www.facebook.com/Jnvelectrical,https://www.facebook.com/Jnvelectrical,https://www.facebook.com/Jnvelectrical,Jnvelectrical,,51.5529972,0.169449,,false,+44 7581 369720,447581369720,+44 7581 369720,,,,,,,,,,,,,,,,,,,,,RM10 7UH,48,48,0,0,0,0,2,consumer unit fitting,2,garage wiring,3,local electrician,2,plug installation,2,rewiring,4,thoroughness,9,punctuality,2,certificates,2,easy to deal with,6,cleanliness,"https://www.google.com/maps/search/Electrical/@51.5745282773077,0.184284196129347,13z?hl=en",Dagenham Rd,,JNV Electrical and Maintenance - Electrician,5,https://www.google.com/maps/search/?api=1&query=JNV%20Electrical%20and%20Maintenance%20-%20Electrician&query_place_id=ChIJJQEWOjt_baIR2CjErxWVrvc,"JNV Electrical & Maintenance. 78 likes. Local NICEIC registered electrician with over 25 years' experience providing reliable, high-quality domestic...",https://www.facebook.com › ... › Electrician,JNV Electrical & Maintenance (@Jnvelectrical) - Facebook,https://www.facebook.com/Jnvelectrical/,JNV Electrical and Maintenance provides comprehensive electrical services throughout Dagenham. Our experienced electricians handle domestic and commercial ...,https://findelectricians.co.uk › Places › Electricians,JNV Electrical and Maintenance - Find Electricians UK,https://findelectricians.co.uk/places/dagenham-rm10-7uh/electricians/jnv-electrical-and-maintenance-electrician/,NICEIC registered electrician with 26 years' experience specialising in domestic electrical work. I carry out all aspects of household electrics including ...,https://www.mybuilder.com › Home › Directory,Profile of JNV electrical and maintenance in Dagenham,https://www.mybuilder.com/profile/jnv-electrical-and-maintenance,https://www.facebook.com/Jnvelectrical
"11 Meadow Way, Upminster RM14 3AA, United Kingdom",,,,,Plumber,Bathroom remodeler,Contractor,Gas engineer,Heating contractor,Repair service,,,,Plumber,Upminster,,,,This Page isn't currently running ads.,Page,"Heating, Ventilating & Air Conditioning Service",,https://scontent-ord5-3.xx.fbcdn.net/v/t39.30808-6/480740888_1219100833193497_2622627722828716865_n.jpg?stp=dst-jpg_tt6&cstp=mx1709x650&ctp=s1709x650&_nc_cat=109&ccb=1-7&_nc_sid=cc71e4&_nc_ohc=bHDynWvEf9YQ7kNvwFVyGp7&_nc_oc=AdqOwUwUhU8lKTXIVp2qgxmkBQVPTGxIqmBwTFwWNZa9a8_o_9z9-QwmLJAP3bxsGJQ&_nc_zt=23&_nc_ht=scontent-ord5-3.xx&_nc_gid=4aGmcT6JCg59TV8Tj4qBug&_nc_ss=7c289&oh=00_AQBmfj-u4UU5liGnR-aNMQfY6GA3CHbGsZQmXRynaBCm0g&oe=6A53C4D7,"March 10, 2012",,admin@lazardplumbing.co.uk,http://www.lazardplumbing.co.uk/,100052807760622,2000,,"Lazard Plumbing Heating and Gas, Hornchurch. 2,074 likes",4 talking about this,"5 were here. Local | Friendly | Reliable 
Highly trained, professional...",2074,"2 Canberra Close, Hornchurch, United Kingdom, RM125TR",,,,Lazard Plumbing Heating and Gas | Hornchurch,https://scontent-ord5-1.xx.fbcdn.net/v/t39.30808-1/305757083_579455370491383_5547658646606987743_n.jpg?stp=dst-jpg_tt6&cstp=mx2048x2048&ctp=s200x200&_nc_cat=106&ccb=1-7&_nc_sid=f907e8&_nc_ohc=bzWGaI34-LYQ7kNvwF6Bmmi&_nc_oc=Adp1JBUi1d7foPtKgM-altO4hVuY_4QeYvq8xFoaZPIio3YaYkinRE0Cv2QC3E1fuBo&_nc_zt=24&_nc_ht=scontent-ord5-1.xx&_nc_gid=Dcfwjh0DdeBGFuf_4Ix6jA&_nc_ss=7c289&oh=00_AQA9s4RRSNaUZOe7tgJXRtG93dut4zv2maqgFANM6sl26g&oe=6A53E7FB,https://www.facebook.com/LazardPlumbingHeatingGas,https://www.facebook.com/LazardPlumbingHeatingGas,https://www.facebook.com/LazardPlumbingHeatingGas,LazardPlumbingHeatingGas,,51.5522647,0.2492057,,false,+44 1708 596515,441708596515,447574544129,1708502346,441708502346,,7574 544 129,1708 502 346,8996960,,,,,,,,,,,,,,,RM14 3AA,144,141,1,1,0,1,12,boiler installation,6,kitchen tap replacement,4,polite plumber,2,radiator installation,2,gas boiler work,2,pipe installation,2,gas safety certs,6,heating work,3,honest advice,3,efficient worker,"https://www.google.com/maps/search/Plumbing/@51.5745282773077,0.184284196129347,13z?hl=en",11 Meadow Way,,Lazard Plumbing Heating & Gas,4.9,https://www.google.com/maps/search/?api=1&query=Lazard%20Plumbing%20Heating%20%26%20Gas&query_place_id=ChIJK1KfcB672EcRioueAqOm45o,"With years of experience, Lazard Plumbing is a group of dependable and trustworthy Gas Safe Registered Engineers who focus on plumbing and heating. They will ...",https://lazardplumbing.co.uk,Lazard Plumbing: Plumbing Services in London and Essex,https://lazardplumbing.co.uk/,"We're not just available for small projects, we have a plumber in Upminster for all plumbing and heating services including emergency plumbing services. If you' ...",https://lazardplumbing.co.uk › Locations,Trusted Plumbers in Upminster | Lazard Plumbing,https://lazardplumbing.co.uk/locations/plumbing-upminster/,"Lazard Plumbing Heating and Gas are your local, qualified, and dependable team, providing plumbing services across Essex and London.",https://www.checkatrade.com › trades › lazardplumbing...,Lazard Plumbing Heating & Gas | Bathrooms | Upminster,https://www.checkatrade.com/trades/lazardplumbingheatingandgas,https://lazardplumbing.co.uk/?utm_source=google&utm_medium=organic&utm_campaign=gbp
"25 Heath Park Rd, Romford RM2 5UB, United Kingdom",,,,,Electrical installation service,Certification agency,Closed circuit television,Electrician,Fire alarm supplier,Home automation company,Industrial engineer,Lighting contractor,Security system supplier,Electrical installation service,Romford,powerbrite.electrical@gmail.com,power.brite@orange.net,,,,,,,,,,,,,,,,,,,,,,,,,,,,,51.5779638,0.1978697,,false,+44 7973 407768,447973407768,,,,,7973 407768,,,,,,,,,,,,,,,,,RM2 5UB,25,25,0,0,0,0,5,knowledgeable staff,3,quick fix,2,polite staff,2,responsive,2,quality of work,4,job,,,,,,,,,"https://www.google.com/maps/search/Electrical/@51.5745282773077,0.184284196129347,13z?hl=en",25 Heath Park Rd,,Powerbrite Electrical East London,5,https://www.google.com/maps/search/?api=1&query=Powerbrite%20Electrical%20East%20London&query_place_id=ChIJPXJU1cOk2EcRcTgBgjS5NQw,"powerbrite electrical, Electrician and P.A.T,contractor in london, essex, norfolk, niceic, nic eic.",https://www.powerbrite.co.uk,Powerbrite Electrical LTD,https://www.powerbrite.co.uk/,"Powerbrite Electrical Ltd is in Dagenham, London, England. Jun 25, 2024󰞋󱟠. 󳄫 ...",https://www.facebook.com › ... › Electrician,Powerbrite Electrical Ltd - Facebook,https://www.facebook.com/p/Powerbrite-Electrical-Ltd-100088192897906/,"Looking for more electricians in Romford? View All Electricians in Romford. TopRatedElectricians.co.uk. Find the most recommended electricians in your area, ...",https://topratedelectricians.co.uk › ... › Romford,Powerbrite Electrical East London - Top Rated Electrician in Romford,https://topratedelectricians.co.uk/england/greater-london/romford/powerbrite-electrical-east-london-romford/,https://www.powerbrite.co.uk/
,mnelectrical.uk,https://mnelectrical.uk/contact-us/,wa.me,https://wa.me/+447460786557,Electrician,Electrical installation service,Service establishment,Lighting contractor,,,,,,Electrician,,info@mnelectrical.com,,,,,,,,,,,,,,,,,,,,,,,,,,,,,,51.5808147,0.1840301,,false,+44 7424 677297,447424677297,7424677297,,,,447424677297,7424 677297,,,,,,,,,,,,,,,,,112,112,0,0,0,0,9,knowledgeable electrician,5,smart home servicing,3,circuit tripping,8,clear explanations,2,explanation of work,4,transparent pricing,9,thoroughness,2,no markups,6,promptness,3,preventative tips,"https://www.google.com/maps/search/Electrical/@51.5745282773077,0.184284196129347,13z?hl=en",,,MN Electrical,5,https://www.google.com/maps/search/?api=1&query=MN%20Electrical&query_place_id=ChIJqx5cmm017YIR_kJ_vqCzjaI,"We license electrical contractors, electricians, satellite system installers, sign contractors and register unlicensed individuals.",https://www.dli.mn.gov › business › electrical-contractors,Electrical contractors | Minnesota Department of Labor and ...,https://www.dli.mn.gov/business/electrical-contractors,As an IBEW member you will be able to receive the best training in the electrical industry at little to no charge.,https://www.mnelectricians.org,MN Electricians – Industry leading electrical training and careers,https://www.mnelectricians.org/,How do I become a registered unlicensed electrician in Minnesota? · Apply online and pay the $14 initial application fee. · You will be assigned a registration ...,https://www.dli.mn.gov › electrician-or-electrical-installer,Electrical licensing basics | Minnesota Department of Labor ...,https://www.dli.mn.gov/workers/electrician-or-electrical-installer/electrical-licensing-basics,https://mnelectrical.uk/
"54 Huddlestone Rd, London E7 0AN, United Kingdom",,,,,Landscaper,Garden,Gardener,Handyman/Handywoman/Handyperson,Painting,Paving contractor,,,,Landscaper,London,Bigstarhomeservices@yahoo.com,,,,,,,,,,,,,,,,,,,,,,,,,,,,,,51.5551164,0.0173823,,false,+44 7436 322543,447436322543,7436322543,,,,7436322543,,,,,,,,,,,,,,,,,E7 0AN,20,20,0,0,0,0,4,small jobs,3,friendliness,2,promptness,3,lawn care,3,team,,,,,,,,,,,"https://www.google.com/maps/search/Gardening/@51.5745282773077,0.0480168230646735,13z?hl=en",54 Huddlestone Rd,,Bigstar Home Service,5,https://www.google.com/maps/search/?api=1&query=Bigstar%20Home%20Service&query_place_id=ChIJl0seY6qn2EcR2WBuE2EiK-w,"Discover top-quality handyman, gardening, and tree cutting services designed to meet all your home improvement needs efficiently and reliably.",https://www.bigstarhomeservices.co.uk,"BigstarHomeService | garden clearance | Forest Gate, London ...",https://www.bigstarhomeservices.co.uk/,"Contact our professional gardening and landscaping team in East London. We offer garden maintenance, fencing, paving and handyman services.",https://www.bigstarhomeservices.co.uk › contact-8,Contact | Bigstarhomeservices,https://www.bigstarhomeservices.co.uk/contact-8,"... cancellations, payments, and refunds are handled. We aim to provide fair and transparent service terms for all our gardening and home services in East London.",https://www.bigstarhomeservices.co.uk › blank-3,Refund Policy - Bigstarhomeservices,https://www.bigstarhomeservices.co.uk/blank-3,http://www.bigstarhomeservices.co.uk/
"71 Cornworthy Rd, Dagenham RM8 2DF, United Kingdom",bsplumbing.co.uk,http://bsplumbing.co.uk/book%20now,,,Gas engineer,Boiler supplier,Gas installation service,HVAC contractor,Plumber,,,,,Gas engineer,Dagenham,info@bsplumbing.co.uk,,,This Page isn't currently running ads.,Page,Plumbing Service,,https://scontent-ord5-2.xx.fbcdn.net/v/t39.30808-6/468078629_602023122288791_8170038057279060844_n.jpg?stp=dst-jpg_tt6&cstp=mx1767x883&ctp=s1767x883&_nc_cat=102&ccb=1-7&_nc_sid=cc71e4&_nc_ohc=V2qCUXNMaGQQ7kNvwH7xPfw&_nc_oc=Adps-Z5F_V5gQSP8KoBmOTEFh8DhtJS1IqWGTW9G-UpVwM1UX-QUNixre_zXCtfFvVQ&_nc_zt=23&_nc_ht=scontent-ord5-2.xx&_nc_gid=mPjQNNkOFrVzpfK9cvsiAA&_nc_ss=7b289&oh=00_AQAmhyM2eTu08jJ9bPWteXyPC7MMBfeXU3gTFaUWzXgCCg&oe=6A53C491,"October 26, 2021",,info@bsplumbing.co.uk,https://bsplumbing.co.uk/,100076077707113,9,,"BS Plumbing. 9 likes. We have years of experience within the industry, providing a professional service to many repeat customers.",,,9,,,,,BS Plumbing,https://scontent-ord5-3.xx.fbcdn.net/v/t39.30808-1/246729083_100424735781968_6387227858817652613_n.png?stp=dst-png&cstp=mx346x342&ctp=p200x200&_nc_cat=100&ccb=1-7&_nc_sid=f907e8&_nc_ohc=Kf5f94m90xgQ7kNvwGDleGE&_nc_oc=AdpNnXs_s9DwW0Q8eGO2dQTOmXQStpPbeKu7ElwDxnuWthjeLI04doqB_JuuvX_qunY&_nc_zt=24&_nc_ht=scontent-ord5-3.xx&_nc_gid=Q4-txo68adNCBZx790Im1A&_nc_ss=7b289&oh=00_AQD1-S-3BAbtelVz-iJO8k4BimjTDfOnbyGJVxN0M0n9fQ&oe=6A53C1DE,https://www.facebook.com/BS-Plumbing-100399115784530,https://www.facebook.com/BS-Plumbing-100399115784530,https://www.facebook.com/BS-Plumbing-100399115784530,people,,51.5459127,0.1207158,,false,+44 800 107 7119,448001077119,8001077119,7977411372,0800 107 7119,,0800 107 7119,7977 411 372,10820524,374 5116 95,8357963,0800 8611 698,0800 107 119,,,,,,,,,,,RM8 2DF,70,68,0,2,0,0,9,prompt response,3,radiator fitting,2,radiator check,2,installation time,2,competitive quote,2,honest team,3,bathroom refurbishment,2,flexi payments,2,skilled team,3,genuine care,"https://www.google.com/maps/search/Plumbing/@51.5745282773077,0.184284196129347,13z?hl=en",71 Cornworthy Rd,,B S Plumbing and Heating Dm Ltd,4.9,https://www.google.com/maps/search/?api=1&query=B%20S%20Plumbing%20and%20Heating%20Dm%20Ltd&query_place_id=ChIJk7CellSk2EcRXuy86m26ghQ,BS Plumbing is a Gas Safe registered plumber offering affordable heating and plumbing Romford based services and solutions.,https://bsplumbing.co.uk,Plumbing Romford | Plumbing Ilford | Plumbing Dagenham,https://bsplumbing.co.uk/,"BS PLUMBING AND HEATING DM LTD - Free company information from Companies House including registered office address, filing history, accounts, annual return, ...",https://find-and-update.company-information.service.gov.uk › ...,bs plumbing and heating dm ltd - Companies House - GOV.UK,https://find-and-update.company-information.service.gov.uk/company/10820524,B S Plumbing and Heating Dm Ltd · Address · Contact · Licence number · Licenced trades · Scheme Provider(s) · Diversity · We specialise in: ...,https://www.trustmark.org.uk › firms,B S Plumbing and Heating Dm Ltd - TrustMark,https://www.trustmark.org.uk/firms/B%20S%20Plumbing%20and%20Heating%20Dm%20Ltd-2712310-RM8%202DF?id\u003d07a03b81-279d-4a98-887c-c8407bd41083,https://bsplumbing.co.uk/
"455 Wick Ln, Bow, London E3 2TB, United Kingdom",breathehomes.co,https://form.breathehomes.co/form,,,Plasterer,Bricklayer,Building consultant,Insulation contractor,,,,,,Plasterer,London,chris.julian@breathehomes.co.uk,,,,,,,,,,,,,,,,,,,,,,,,,,,,,,51.5347053,-0.0206549,,false,+44 7888 864480,447888864480,,,,,,,,,,,,,,,,,,,,,,E3 2TB,28,25,2,1,0,0,17,lime plaster,3,action plan,7,knowledgeable staff,2,cost,5,budget,2,tidy,5,damp,4,renovation,9,walls,2,customer care,"https://www.google.com/maps/search/Plastering%20/@51.5745282773077,0.0480168230646735,13z?hl=en",455 Wick Ln,,Breathe Homes,4.8,https://www.google.com/maps/search/?api=1&query=Breathe%20Homes&query_place_id=ChIJjTDGs_MddkgRyDRC4nu5YRY,"Revitalise the health of your home, your life and your family.",https://www.breathehomes.co,Breathe – Lime plastering | Natural insulation | Air quality,https://www.breathehomes.co/,"Breathe Homes helps UK sellers sell their homes quickly and connects buyers with below market value properties. Simple, transparent, and stress-free.",https://breathe-homes.com,Breathe Homes | Sell Your Home Quickly | Below Market ...,https://breathe-homes.com/,"BREATHE HOMES LTD - Free company information from Companies House including registered office address, filing history, accounts, annual return, officers, ...",https://find-and-update.company-information.service.gov.uk › ...,BREATHE HOMES LTD overview - Companies House - GOV.UK,https://find-and-update.company-information.service.gov.uk/company/15601761,https://www.breathehomes.co/
"Everglade House, 1 Eastleigh Rd, London E17 5LU, United Kingdom",,,,,Contractor,,,,,,,,,Contractor,London,paul@regencydecor.london,,,,,,,,,,,,,,,,,,,,,,,,,,,,,,51.5927305,-0.0281703,,false,+44 7900 375258,447900375258,7900375258,,,,7900375258,,,,,,,,,,,,,,,,,E17 5LU,21,20,1,0,0,0,3,timeframe adherence,2,hallway painting,2,living room painting,2,detailed quote,4,considerate staff,2,exterior painting,3,thoroughness,5,quality of work,2,pride in work,3,durability,"https://www.google.com/maps/search/Decorating/@51.5745282773077,0.0480168230646735,13z?hl=en","Everglade House, 1 Eastleigh Rd",,Regency Professional Decorating Services,5,https://www.google.com/maps/search/?api=1&query=Regency%20Professional%20Decorating%20Services&query_place_id=ChIJx6iTFdwddkgR0zEftwl30_E,Providing superior customer-oriented painting and decorating services across London. Rated 5 stars on Which? Trusted Trader. Book a free quotation and see ...,https://www.regencydecor.london,Regency Professional Painting & Decorating Services | London,https://www.regencydecor.london/,Paul and his team are the real deal! Old school painters and decorators. It's all in the preparation and no corners are cut. Regency had unusual attention to ...,https://trustedtraders.which.co.uk › businesses › regenc...,Regency Professional Decorating Services - Painters and ...,https://trustedtraders.which.co.uk/businesses/regency-professional-decorating-services/,"We are Regency Professional Decorating Services, a company proud to be one of London's finest. Our aim is to provide a 5-star service to clients seeking a ...",https://www.checkatrade.com › trades › regencydecorat...,Regency Professional Decorating Services - Checkatrade,https://www.checkatrade.com/trades/regencydecoratingservices,https://www.regencydecor.london/
"415 High Rd Leytonstone, London E11 4JU, United Kingdom",,,,,Construction company,Handyman/Handywoman/Handyperson,Landscaper,,,,,,,Construction company,London,trapezitsaconstruction@yahoo.com,,,This Page isn't currently running ads.,Page,Home Improvement,,https://scontent-ord5-2.xx.fbcdn.net/v/t39.30808-6/477045574_585432761127920_3026998713745409180_n.jpg?stp=dst-jpg_tt6&cstp=mx1536x2048&ctp=s960x960&_nc_cat=104&ccb=1-7&_nc_sid=cc71e4&_nc_ohc=ev7D2upYxiMQ7kNvwEeWTNW&_nc_oc=Adr4SKSqKr20ENP58k6_mNAEYVC2mCjf117uyWFds8FaFltpyp6eWnjIpxfITByQJ0I&_nc_zt=23&_nc_ht=scontent-ord5-2.xx&_nc_gid=aLE8YGJU7nU_Lz6aGTCx9w&_nc_ss=7e289&oh=00_AQChKJZ20v7z6XF42S4Zr1VjI6j-4QAYtEpKPek0iiU47Q&oe=6A53D51D,"February 1, 2023",,trapezitsaconstruction@yahoo.com,https://trapezitsaconstructionltd.co.uk/,100089836036553,59,,"Trapezitsa Construction LTD , London Borough of Hackney. 59 likes. Home Improvement",,,59,"415 High Road , London Borough of Hackney, United Kingdom, E11 4JU",,+44 7453 271474,,Trapezitsa Construction LTD  | London Borough of Hackney,https://scontent-ord5-3.xx.fbcdn.net/v/t39.30808-1/455150022_456203717384159_3856159510558649655_n.jpg?stp=dst-jpg_tt6&cstp=mx921x922&ctp=s200x200&_nc_cat=100&ccb=1-7&_nc_sid=f907e8&_nc_ohc=ltLMHfZXYzkQ7kNvwGoZeuw&_nc_oc=Adqi_NoKSdxteSBZS4FuDPFKEqWCVWlQmSKqxqJAler7ca1bn1WvNrcPoMR63ljYUpE&_nc_zt=24&_nc_ht=scontent-ord5-3.xx&_nc_gid=FfPWHtffDhQ_b_nhfyXBOw&_nc_ss=7e289&oh=00_AQDsq1d-7K2oMHReI65VgNpscwy0OlfI8sO0KnuUsqWWcQ&oe=6A53CE9C,https://www.facebook.com/profile.php?id=100089836036553,https://www.facebook.com/profile.php?id=100089836036553,https://www.facebook.com/profile.php?id=100089836036553,people,,51.5568896,0.0060129,,false,+44 7453 271474,447453271474,447453271474,,,,16922891854878,3698630136986,+44 7453 271474,959752321981,741138560687,834236186349,169485019781,16948501978589,2223415682062,100089836036553,1668472372698,2502708559047,+44 745 327 1474,1482277121375,10.319917,639834881321,942408376963,E11 4JU,7,7,0,0,0,0,2,personable team,2,lawn care,,,,,,,,,,,,,,,,,"https://www.google.com/maps/search/Gardening/@51.5745282773077,0.0480168230646735,13z?hl=en",415 High Rd Leytonstone,,Trapezitsa Construction (Builder and Handyman),5,https://www.google.com/maps/search/?api=1&query=Trapezitsa%20Construction%20(Builder%20and%20Handyman)&query_place_id=ChIJwbhszi6n2EcR7dYT2ipQgiM,"East London's most reliable construction and handyman company. Professional, high quality, and hardworking tradesmen committed to providing outstanding ...",https://www.trapezitsaconstructionltd.co.uk,Trapezitsa Construction LTD: Expert Construction Services,https://www.trapezitsaconstructionltd.co.uk/,"Construction company; Trapezitsa Construction. Summary About ... Contact info. 415 High Road, Leytonstone, E11 4JU, London, United Kingdom. + ...",https://uk.trustpilot.com › ... › Construction company,Trapezitsa Construction Reviews 15,https://uk.trustpilot.com/review/trapezitsaconstructionltd.co.uk,"Trapezitsa Construction LTD. 415 High Road, Leytonstone. London, United Kingdom. Phone: +44 745 327 1474. Email. trapezitsaconstruction@yahoo.com.",https://www.trapezitsaconstructionltd.co.uk › contacts,Contact us | Trapezitsa Construction LTD,https://www.trapezitsaconstructionltd.co.uk/contacts,https://trapezitsaconstructionltd.co.uk/
"99 Glengall Rd, London IG8 0DP, United Kingdom",,,,,Kitchen remodeler,Carpenter,Flooring contractor,General contractor,Joiner,Painting,,,,Kitchen remodeler,London,info@aksmartbuilders.co.uk,office@aksmartbuilders.co.uk,,,,,,,,,,,,,,,,,,,,,,,,,,,,,51.6067763,0.0282994,,false,+44 7432 655127,447432655127,,,,,7432 655 127,,,,,,,,,,,,,,,,,IG8 0DP,31,31,0,0,0,0,2,skirting board installation,2,eave storage,3,high quality finish,2,kitchen fitting,2,door hanging,2,precise work,3,friendly team,2,kind staff,2,hardworking staff,2,house refresh,"https://www.google.com/maps/search/Carpentry%20/@51.5745282773077,0.0480168230646735,13z?hl=en",99 Glengall Rd,,Aksmartbuilders,5,https://www.google.com/maps/search/?api=1&query=Aksmartbuilders&query_place_id=ChIJxVRy1aUZdkgRDtWuI3DJ8pA,"AKSMARTBUILDERS. Hello, my name is Arkadiusz Katancew. I am the owner of Aksmarbuilders. For over 11 years, we've been crafting excellence in London. As a ...",https://www.aksmartbuilders.co.uk,www.aksmartbuilders.co.uk,https://www.aksmartbuilders.co.uk/,"Aksmartbuilders reviews (5) · Review from stephanie51796, Lower Edmonton, London. stephanie51796, Lower Edmonton, London · Review from ryan111093, Welwyn Garden ...",https://www.mybuilder.com › profile › reviews,Reviews of Aksmartbuilders in Woodford Green - MyBuilder,https://www.mybuilder.com/profile/aksmartbuilders/reviews,"Aksmartbuilders, 99 Glengall Rd, United Kingdom, location on the map, carpenter, flooring contractor, kitchen remodeler, telephone +44 7432 655127.",https://tc.maptons.com › ...,"Aksmartbuilders, 99 Glengall Rd, location on the map - Maptons.com",https://tc.maptons.com/p/4636808512,http://www.aksmartbuilders.co.uk/
"60 Markfield Rd, South N15 4QA, United Kingdom",,,,,Painter,Contractor,Interior Decorator,Plasterer,Property maintenance,,,,,Painter,South,prostrikelondon@gmail.com,,,This Page isn't currently running ads.,Page,Home decor,,https://scontent.fric1-2.fna.fbcdn.net/v/t39.30808-6/495168667_1383106249950513_8463599416343305454_n.jpg?stp=dst-jpg_tt6&cstp=mx1535x477&ctp=s960x960&_nc_cat=105&ccb=1-7&_nc_sid=cc71e4&_nc_ohc=C151t2M98N8Q7kNvwFsq90C&_nc_oc=AdrFIaDpqYdFwCcNUTeTI27qXmoRzzxFlytYDgpb8YNH2qYVljJs4TCW8p3kiXnzrpA&_nc_zt=23&_nc_ht=scontent.fric1-2.fna&_nc_gid=y2JEzp2BIrqgcIyuaxlxJA&_nc_ss=72289&oh=00_AQDmxZ-zym3sRLKYU1_4VfnX998TLDnhoiOeEksZEB13SA&oe=6A53EB19,"December 30, 2016",,prostrikelondon@gmail.com,https://rb.gy/94iu44,100047534538684,254,,ProStrike London Decorating Services. 254 likes. Inspire | Ideate | Implement,,,254,https://www.bing.com/maps/default.aspx?v=2&pc=FACEBK&mid=8100&FORM=FBKPL1&mkt=en-US,,+44 7821 262538,,ProStrike London Decorating Services,https://scontent.fric1-1.fna.fbcdn.net/v/t39.30808-1/295008151_590956052498874_2881407103123798864_n.png?stp=dst-png&cstp=mx1812x1812&ctp=s200x200&_nc_cat=107&ccb=1-7&_nc_sid=f907e8&_nc_ohc=fHOik5TVO8gQ7kNvwF0-83F&_nc_oc=Adr-ORMW0ZmDCO6XZYOG1jT13VhiUROdK7_K2yOlefXKF2PRdaAt9u6gY4PqjyKQrso&_nc_zt=24&_nc_ht=scontent.fric1-1.fna&_nc_gid=-ik3xGhRywjvdFVu3HqXBg&_nc_ss=72289&oh=00_AQAfwH-XjsVHYgYbYmTzxEitWHG9C7UzUJLAdujr23P5DQ&oe=6A53D953,https://www.facebook.com/prostrikeldn,https://www.facebook.com/prostrikeldn,https://www.facebook.com/prostrikeldn,prostrikeldn,Imperial Works,51.5834284,-0.0641258,,false,+44 7821 262538,447821262538,+44 7821 262538,,,,,,,,,,,,,,,,,,,,,N15 4QA,2,2,0,0,0,0,,,,,,,,,,,,,,,,,,,,,"https://www.google.com/maps/search/Decorating/@51.5745282773077,0.0480168230646735,13z?hl=en",60 Markfield Rd,,ProStrike London Decorating Services,5,https://www.google.com/maps/search/?api=1&query=ProStrike%20London%20Decorating%20Services&query_place_id=ChIJgy0VxWMddkgRg3DaMKwiRho,"Premium painting and decorating across London. Residential, commercial, set design and maintenance contracts. Meticulous finish, fully insured, ...",https://prostrikedecorators.co.uk,ProStrike Decorators | Premium Painting & Decorating in ...,https://prostrikedecorators.co.uk/,"ProStrike London Decorating Services · Anyone else get that feeling after taking the Xmas decorations down, that everything feels bare or dull. · Have you got the ...",https://www.instagram.com › prostrikeldn,ProStrike London (@prostrikeldn) • Instagram photos and videos,https://www.instagram.com/prostrikeldn/,"ProStrike London Decorating Services. 254 likes. Inspire | Ideate | Implement. ... Dalston, UK · Gospel Oak, UK · Hampstead, UK · Crouch End, UK · Ilford, UK · ...",https://www.facebook.com › ... › Brand › Home decor,ProStrike London Decorating Services (@prostrikeldn),https://www.facebook.com/prostrikeldn/,http://www.facebook.com/prostrikeldn
"174 Murchison Rd, London E10 6LX, United Kingdom",,,,,Construction company,Painter,,,,,,,,Construction company,London,,,,,,,,,,,,,,,,,,,,,,,,,,,,,,,51.5652401,-0.0048315,,false,+44 7730 798941,447730798941,,,,,,,,,,,,,,,,,,,,,,E10 6LX,1,1,0,0,0,0,,,,,,,,,,,,,,,,,,,,,"https://www.google.com/maps/search/Decorating/@51.5745282773077,0.0480168230646735,13z?hl=en",174 Murchison Rd,,D.L.J. Painting and Decorating LTD,5,https://www.google.com/maps/search/?api=1&query=D.L.J.%20Painting%20and%20Decorating%20LTD&query_place_id=ChIJ3Zy1dmYddkgRUNDURICRIOU,"D. L. J. PAINTING AND DECORATING LTD ... PAINTING AND DECORATING LTD (12114116). Registered office address: 174 Murchison Road, London, England, E10 6LX.",https://find-and-update.company-information.service.gov.uk › ...,dlj painting and decorating ltd - Companies House,https://find-and-update.company-information.service.gov.uk/company/12114116,"With over 10 years of experience in painting and decorating, we offer high quality finishes. we use paint spraying technique as well as roller and brush ...",https://www.mybuilder.com › Home › Directory,D.L.J. Painting and Decorating LTD - MyBuilder,https://www.mybuilder.com/profile/dlj-painting-ltd,"D. L. J. Painting And Decorating Ltd is an active company located in London, Greater London ... Nodram.co.uk. Unlock All Contact Details. Decision Makers.",https://open.endole.co.uk › insight › 12114116-d-l-j-pai...,D. L. J. Painting And Decorating Ltd - Company Profile - Endole,https://open.endole.co.uk/insight/company/12114116-d-l-j-painting-and-decorating-ltd,http://www.dljpainting.com/
,,,,,Painter,Service establishment,Property maintenance,Remodeler,Tile contractor,,,,,Painter,,Info@klevipaintinganddecorating.co.uk,,,,,,,,,,,,,,,,,,,,,,,,,,,,,,51.5808954,-0.0042029,,false,+44 20 3633 1399,442036331399,,,,,15019720,452304817,020 3633 1399,,,,,,,,,,,,,,,,7,7,0,0,0,0,2,polite staff,2,efficiency,3,cleanliness,2,project,2,communication,2,home,4,painting,,,,,,,"https://www.google.com/maps/search/Decorating/@51.5745282773077,0.0480168230646735,13z?hl=en",,,Klevi Painting & Decorating Ltd,5,https://www.google.com/maps/search/?api=1&query=Klevi%20Painting%20%26%20Decorating%20Ltd&query_place_id=ChIJa2RSBl-n2EcRrquR9fxswqg,"With a team of 20 dedicated professionals, we proudly offer residential and commercial painting and decorating services throughout central London.",https://klevipaintinganddecorating.co.uk,Klevi Painting & Decorating Ltd: HOME,https://klevipaintinganddecorating.co.uk/,"KLEVI PAINTING & DECORATING LTD - Free company information from Companies House including registered office address, filing history, accounts, annual return ...",https://find-and-update.company-information.service.gov.uk › ...,klevi painting & decorating ltd - Companies House - GOV.UK,https://find-and-update.company-information.service.gov.uk/company/15019720,"Hello, I'm Klevi, the owner of Klevi Painting and Decorating Ltd. With 5 years of painting experience under my belt, I established this company in 2020, ...",https://klevipaintinganddecorating.co.uk › about-us,ABOUT US - Klevi Painting & Decorating Ltd,https://klevipaintinganddecorating.co.uk/about-us/,https://klevipaintinganddecorating.co.uk/
"Whalebone Ln N, Romford RM6 5QT, United Kingdom",,,,,Gardener,Fence contractor,Landscaper,Lawn care service,Pressure washing service,,,,,Gardener,Romford,info@gardencarecompany.com,,,This Page isn't currently running ads.,Page,Gardener,,https://scontent-mia3-2.xx.fbcdn.net/v/t39.30808-6/468097771_586179923793957_7417322173691830656_n.jpg?stp=dst-jpg_tt6&cstp=mx597x843&ctp=s597x843&_nc_cat=103&ccb=1-7&_nc_sid=cc71e4&_nc_ohc=ALR_-9Jfc0cQ7kNvwEUBBbE&_nc_oc=AdprlSWt9orvytudRdfgd0Cbax7CdgVFcTMUPLxoINRoBVkDgLuZZ95TV4PuPP7eR94&_nc_zt=23&_nc_ht=scontent-mia3-2.xx&_nc_gid=7Dc7xiD83HlmaZ-QIKqg_A&_nc_ss=7c289&oh=00_AQBBh8ECXVWXl6_gNTgA4ioVuFD9KtgMOFELLQ147_BBPA&oe=6A53CEA2,"August 22, 2021",,info@gardencarecompany.com,https://gardencarecompany.com/,100072295561443,67,,Garden Care Company. 67 likes. Garden Care Company can carry out regular or one-off gardening services at a time that fits you,,,67,,,+44 7907 473256,,Garden Care Company,https://scontent-mia3-1.xx.fbcdn.net/v/t39.30808-1/475132228_620899283663252_8809831370836252106_n.jpg?stp=dst-jpg_tt6&cstp=mx1114x1113&ctp=s200x200&_nc_cat=111&ccb=1-7&_nc_sid=f907e8&_nc_ohc=Zrt8qxlNpqUQ7kNvwElUxIX&_nc_oc=AdrBzkAOu7AZFafK43A62RE1YI_dqMnKoEZmUaeX7ASR5AKsAX1RYUShH4Mde-uLTJc&_nc_zt=24&_nc_ht=scontent-mia3-1.xx&_nc_gid=vmm8eohXeHj_VeFMXnfTLg&_nc_ss=7c289&oh=00_AQCEnGSrC3sKPmtCUoWLhEwf5wRHMecXnellg5Y1Qmbzrw&oe=6A53D6D8,https://www.facebook.com/gardencarecompany2020,https://www.facebook.com/gardencarecompany2020,https://www.facebook.com/gardencarecompany2020,gardencarecompany2020,,51.5898312,0.14237,,false,+44 7907 473256,447907473256,447907473256,,,,7907 473 256,447907473256,,,,,,,,,,,,,,,,RM6 5QT,4,4,0,0,0,0,,,,,,,,,,,,,,,,,,,,,"https://www.google.com/maps/search/Gardening/@51.5745282773077,0.0480168230646735,13z?hl=en",Whalebone Ln N,,Garden Care Company,5,https://www.google.com/maps/search/?api=1&query=Garden%20Care%20Company&query_place_id=ChIJKUlY3TfSm6QRKnFK4BwbaLY,"Garden Care Company — family-run gardening and landscaping in Romford and East London. Lawn care, fencing, patios, decking, hedge cutting & more.",https://gardencarecompany.com,Garden Care Company: Gardener in Romford & East London,https://gardencarecompany.com/,"Garden Care Company is in Romford, United Kingdom. May 25, 2026· 󰟠. 󳄫. Garden Maintenance Services Keep your garden looking its best all year round!",https://www.facebook.com › ... › Gardener,Garden Care Company (@gardencarecompany2020),https://www.facebook.com/gardencarecompany2020/,"Gardener in Romford, East London ... Garden Care Company is your local gardener in Romford — covering RM1 through RM7 with regular garden maintenance, lawn care, ...",https://gardencarecompany.com › romford,Gardener in Romford | Landscaping - Garden Care Company,https://gardencarecompany.com/romford,https://gardencarecompany.com/
"739A High Rd Leytonstone, Bushwood, London E11 4QS, United Kingdom",spiroltd.co.uk,https://spiroltd.co.uk/,wa.me,https://wa.me/447496677760,Plasterer,Construction company,Home builder,Landscaper,Painting,Paving contractor,Retaining wall supplier,Roofing contractor,Waterproofing service,Plasterer,London,info@spiroltd.co.uk,,,This Page isn't currently running ads.,Page,Construction Company,,https://scontent-iad6-1.xx.fbcdn.net/v/t39.30808-6/481996667_676578221604294_8774648748448699712_n.jpg?stp=cp6_dst-jpg_tt6&cstp=mx1284x1668&ctp=s960x960&_nc_cat=109&ccb=1-7&_nc_sid=cc71e4&_nc_ohc=5axXWjeFoPoQ7kNvwE7YVqU&_nc_oc=AdroYjFar06zge8j8be_FjhYUf2YuXDWw8s2WNS5uZxYualTDx7jykJtb8E3yDXXsbk&_nc_zt=23&_nc_ht=scontent-iad6-1.xx&_nc_gid=g8lhS85fwKSSLRUurV4b9A&_nc_ss=72289&oh=00_AQBGGHwZjnLyeRMbN4uKKdFm2FKiGSxkED_BfWdg3iAgEw&oe=6A53D385,"January 31, 2022",,info@spiroltd.co.uk,http://Www.spiroltd.co.uk/,100077563674465,233,,"Spiro ltd rendering & roofing, London. 233 likes. Top-quality rendering and roofing solutions.
 📲us for all your exterior renovation needs. 
🏠🛠️🏗️",,,233,"East London, London, United Kingdom, E18",,+44 7496 677760,,Spiro ltd rendering & roofing | London,https://scontent-iad3-2.xx.fbcdn.net/v/t39.30808-1/311133352_187245927204195_4162946519389276915_n.jpg?stp=cp6_dst-jpg_tt6&cstp=mx988x987&ctp=s200x200&_nc_cat=103&ccb=1-7&_nc_sid=f907e8&_nc_ohc=YdBfJM1BfKEQ7kNvwHT3sS6&_nc_oc=AdqwiOsq2rTiu1qVD2GFwMQear7QB7sM_E0R-WcYYvXPkgGEs1jAcfEIt1SHKDx-oj4&_nc_zt=24&_nc_ht=scontent-iad3-2.xx&_nc_gid=g8lhS85fwKSSLRUurV4b9A&_nc_ss=72289&oh=00_AQCx4et9FBeT7y0cyT6ieCjJpe-DyOfS5uTEbW4kufZlNQ&oe=6A53DDD8,https://www.facebook.com/alexrenderingandplastering,https://www.facebook.com/alexrenderingandplastering,https://www.facebook.com/alexrenderingandplastering,alexrenderingandplastering,,51.5658295,0.0100367,,false,+44 7496 677760,447496677760,7496677760,,,,7496677760,,,,,,,,,,,,,,,,,E11 4QS,40,39,0,1,0,0,4,roof installation,7,professional team,2,promptness,2,within budget,2,attention to detail,2,remodeling,2,pricing,2,customer care,10,reliability,5,quality of work,"https://www.google.com/maps/search/Rendering/@51.5745282773077,0.0480168230646735,13z?hl=en",739A High Rd Leytonstone,,SPIRO LTD RENDERING AND ROOFING,4.9,https://www.google.com/maps/search/?api=1&query=SPIRO%20LTD%20RENDERING%20AND%20ROOFING&query_place_id=ChIJ3086vsGn2EcRLltOCKSm3TU,"Spiro LTD Rendering & Roofing is a professional, reliable rendering company based in East London. No matter how big or small a job our render technicians make ...",https://spiroltd.co.uk,spiro ltd rendering & roofing,https://spiroltd.co.uk/,+44 7496 677760 info@spiroltd.co.uk London #rendering #london #renovation #ukrenovation #ukconstruction · Juwel Ahmed · 󰍸 1.,https://www.facebook.com › ... › Construction Company,Spiro ltd rendering & roofing | London - Facebook,https://www.facebook.com/alexrenderingandplastering/,Info@spiroltd.co.uk 07496677760.,https://www.instagram.com › spiro_ltd,SPIRO LTD RENDERING & ROOFING (@spiro_ltd) - Instagram,https://www.instagram.com/spiro_ltd/,https://spiroltd.co.uk/
,,,,,Plasterer,Construction company,Service establishment,Interior construction contractor,,,,,,Plasterer,,hackneyplastering@gmail.com,,,,,,,,,,,,,,,,,,,,,,,,,,,,,,51.4893323,-0.0881552,,false,+44 7985 265376,447985265376,447985265376,,,,7985265376,(44) 07985265376,,,,,,,,,,,,,,,,,39,39,0,0,0,0,4,ceiling repair,9,ceiling walls,2,wall repair,9,punctuality,2,prompt quote,2,top quality finish,10,friendliness,5,cleanliness,6,work quality,16,plastering,"https://www.google.com/maps/search/Plastering%20/@51.5745282773077,0.0480168230646735,13z?hl=en",,,Hackney Plastering and Repairs,5,https://www.google.com/maps/search/?api=1&query=Hackney%20Plastering%20and%20Repairs&query_place_id=ChIJAT_tiBYddkgRxsGpZLpOTfQ,"A friendly local service. We provide all aspects of: Plastering & Render, All Ceiling Repairs, Water Leak Damage, Any Small Repairs.",https://www.hackneyplastering.com,Home Improvments | Hackney Plastering and Repairs ...,https://www.hackneyplastering.com/,"Hackney Plastering and Repairs is drawing exceptional interest within the Construction industry, suggesting notable developments or strong market momentum, ...",https://www.zoominfo.com › hackney-plastering-and-rep...,"Hackney Plastering and Repairs - Overview, News & Similar ...",https://www.zoominfo.com/c/hackney-plastering-and-repairs/1342430324,"Hackney Plastering and Repairs — trusted plasterers covering Brixton, Camberwell and more. View profile, get free quotes.",https://www.southlondontrades.co.uk › trades › hackne...,Hackney Plastering and Repairs - South London Trades,https://www.southlondontrades.co.uk/trades/hackney-plastering-and-repairs,https://www.hackneyplastering.com/
,,,,,Plasterer,Building firm,Construction company,Contractor,Dry wall contractor,Service establishment,,,,Plasterer,,info@yogiplastering.com,,,This Page isn't currently running ads.,Page,Contractor,,https://scontent-mia5-1.xx.fbcdn.net/v/t39.30808-6/473617198_1371232740966539_1931104037876361264_n.jpg?stp=dst-jpg_tt6&cstp=mx2048x1536&ctp=s960x960&_nc_cat=104&ccb=1-7&_nc_sid=cc71e4&_nc_ohc=zHTwWKO74_wQ7kNvwHBjKAI&_nc_oc=AdobfGsprC6BRO0lor-U6ZiGH9FFaGi_7tdwVc_2OnDJeOq5yi29tiQUpV2ZCahg8VA&_nc_zt=23&_nc_ht=scontent-mia5-1.xx&_nc_gid=nB-627jpQky68YmAgzEV2A&_nc_ss=72289&oh=00_AQAIGUpMFRxwQ2uz6sU1_F3VSwWewrIfM1qOizeB7I6f8g&oe=6A53D955,"May 28, 2011",,info@yogiplastering.com,http://www.yogiplastering.com/,100042394790480,158,,"Yogi Plastering, Romford. 158 likes",1 was here. Professional plastering services. Call me on  07908 093 099,,158,"28 Tolworth Gardens, Romford, United Kingdom, RM6 5TH",,+44 7908 093099,,Yogi Plastering | Romford,https://scontent-mia3-1.xx.fbcdn.net/v/t1.30497-1/453178253_471506465671661_2781666950760530985_n.png?stp=dst-png&cstp=mx2048x2048&ctp=s200x200&_nc_cat=110&ccb=1-7&_nc_sid=8f254b&_nc_ohc=w4C6sPLtP3UQ7kNvwEJDawz&_nc_oc=AdqFak4Z4wBzBt1TRBr2DB7WjjiWaBE7T8OSVjuakhC3NFHVwKS0QvkBAXxf32y8ciQ&_nc_zt=24&_nc_ht=scontent-mia3-1.xx&_nc_ss=72289&oh=00_AQBXheHzORoqkHiwsYgkIE_aongHFukX32u1PNjn5KOGuw&oe=6A7564FA,https://www.facebook.com/YogiPlastering,https://www.facebook.com/YogiPlastering,https://www.facebook.com/YogiPlastering,YogiPlastering,,51.5671195,0.135899,,false,+44 7908 093099,447908093099,,,,,7908 093 099,,,,,,,,,,,,,,,,,,90,90,0,0,0,0,15,beautiful ceilings,2,plasterboard fitting,2,roof leak repair,7,ceiling repair,8,quick response,6,wall repair,2,smooth walls,8,friendly team,2,reliable team,2,prompt quotes,"https://www.google.com/maps/search/Plastering%20/@51.5745282773077,0.0480168230646735,13z?hl=en",,,Yogi Plastering Ltd,5,https://www.google.com/maps/search/?api=1&query=Yogi%20Plastering%20Ltd&query_place_id=ChIJLbMFX9oddkgRs6dl5fSXRQM,"Yogi Plastering provides expert plastering, rendering, and dry lining services across Essex and London. 20+ years' experience with quality ...",https://www.yogiplastering.com,Yogi Plastering,https://www.yogiplastering.com/,"Yogi Plastering, Romford. 158 likes · 1 was here. Professional plastering services. Call me on 07908 093 099.",https://www.facebook.com › ... › Contractor,Yogi Plastering | Romford - Facebook,https://www.facebook.com/YogiPlastering/,"Yogi Plastering Ltd. London ,fully qualified NV Q LEV. 2 in plastering ,high quality of workmanship to all customers.own transport and tools ,best price work.",https://www.mybuilder.com › Home › Directory,Profile of yogi_plastering in Romford - MyBuilder,https://www.mybuilder.com/profile/yogi_plastering,https://www.yogiplastering.com/
"122 Reedham Cl, London N17 9PU, United Kingdom",,,,,Landscaper,Deck builder,Fence contractor,Gardener,Irrigation equipment supplier,Landscape designer,Landscape lighting designer,,,Landscaper,London,,,,,,,,,,,,,,,,,,,,,,,,,,,,,,,51.5859153,-0.05753,,false,+44 7599 445202,447599445202,,,,,,,,,,,,,,,,,,,,,,N17 9PU,36,34,0,2,0,0,,,,,,,,,,,,,,,,,,,,,"https://www.google.com/maps/search/Gardening/@51.5745282773077,0.0480168230646735,13z?hl=en",122 Reedham Cl,,Olive Tree Landscaping LTD,4.8,https://www.google.com/maps/search/?api=1&query=Olive%20Tree%20Landscaping%20LTD&query_place_id=ChIJMWrfKjYddkgRAsf9mx_bDjc,"Welcome to Olive Tree Landscaping, your local landscape specialists operating in London and its wider surrounding areas. ... Email: info@olive-tree-landscaping.co ...",olive-tree-landscaping.co.uk,Olive Tree Landscaping: Garden Design & Maintenance Services ...,,"OLIVE TREE LANDSCAPING (LONDON) LTD - Free company information from Companies House including registered office address, filing history, accounts, ...",find-and-update.company-information.service.gov.uk › company,olive tree landscaping (london) ltd - Companies House - GOV.UK,,Does your garden need a little pick me up? Don't worry; we offer bespoke services to give your garden a look and feel you desire. Contact us today for our ...,olive-tree-landscaping.co.uk › contact,Contact Us - Olive Tree Landscaping,,https://olive-tree-landscaping.co.uk/
"146B Second Ave, London E12 6EL, United Kingdom",,,,,Contractor,,,,,,,,,Contractor,London,,,,,,,,,,,,,,,,,,,,,,,,,,,,,,,51.5484284,0.0538405,,false,,,,,,,,,,,,,,,,,,,,,,,,E12 6EL,5,4,0,1,0,0,2,team,,,,,,,,,,,,,,,,,,,"https://www.google.com/maps/search/Decorating/@51.5745282773077,0.0480168230646735,13z?hl=en",146B Second Ave,,Jimmy's Builders & Decorating Ltd,4.2,https://www.google.com/maps/search/?api=1&query=Jimmy's%20Builders%20%26%20Decorating%20Ltd&query_place_id=ChIJ98z51Nen2EcRr5YMtBvn58s,"Jimmy's Builders and Decorating Ltd, London. 457 likes. Jimmy's builders and ... 146 Second Avenue, London, United Kingdom, E126EL. 󰥷. London, UK. Links.",https://www.facebook.com › ... › Home Improvement,Jimmy's Builders and Decorating Ltd | London - Facebook,https://www.facebook.com/www.jimmysbuilder.co.uk/,"JIMMY'S BUILDERS AND DECORATING LTD - Free company information from Companies House including registered office address, filing history, accounts, ...",https://find-and-update.company-information.service.gov.uk › ...,jimmy's builders and decorating ltd - Companies House,https://find-and-update.company-information.service.gov.uk/company/12286390,"JIMMY'S BUILDERS AND DECORATING LTD ... Limited Company and was incorporated on Oct 28, 2019 in United Kingdom. ... 146B SECOND AVENUE,LONDON,ENGLAND,E12 6EL ...",https://tracxn.com › ... › Legal Entities › United Kingdom,JIMMY'S BUILDERS AND DECORATING LTD - 2026 Company ...,https://tracxn.com/d/legal-entities/united-kingdom/jimmys-builders-and-decorating-ltd/__DrQw9TDZTcEBtzjEK8CFLiKAElDBFmdZypfvDF4AwSc,https://jimmysbuilder.co.uk/
"18b Beehive Ln, Ilford IG1 3RD, United Kingdom",villaprojects.uk,https://villaprojects.uk/,,,Construction company,,,,,,,,,Construction company,Ilford,,,,,,,,,,,,,,,,,,,,,,,,,,,,,,,51.573052,0.0643597,,false,+44 7943 373880,447943373880,,,,,,,,,,,,,,,,,,,,,,IG1 3RD,5,5,0,0,0,0,3,loft conversion,2,woodwork,2,joinery,,,,,,,,,,,,,,,"https://www.google.com/maps/search/Joinery/@51.5745282773077,0.0480168230646735,13z?hl=en",18b Beehive Ln,,Villaprojects,5,https://www.google.com/maps/search/?api=1&query=Villaprojects&query_place_id=ChIJ6dn4WSWn2EcRjjl0Ez8kBkM,"VillaProjects is a London-based construction and interior design company, offering full project solutions from concept to completion.",https://villaprojects.london,villaprojects.uk,https://villaprojects.london/,"At Villaprojects, we design and build high-end house extensions and loft conversions that transform existing homes into exceptional living spaces. Whether it's ...",https://villaprojects.uk,villaprojects.uk,https://villaprojects.uk/,"VILLA PROJECTS LTD - Free company ... More for VILLA PROJECTS LTD (15152873). Registered office address: C/O. 18 Beehive Lane, Ilford, England, IG1 3RD.",https://find-and-update.company-information.service.gov.uk › ...,VILLA PROJECTS LTD overview - Companies House - GOV.UK,https://find-and-update.company-information.service.gov.uk/company/15152873,http://villaprojects.uk/
"Seymour Ave, London N17 9RG, United Kingdom",,,,,Construction company,,,,,,,,,Construction company,London,info@gregprorenovation.co.uk,,,,,,,,,,,,,,,,,,,,,,,,,,,,,,51.5954877,-0.060724,,false,+44 7496 067758,447496067758,447496067758,,,,7496 067758,123456789,,,,,,,,,,,,,,,,N17 9RG,5,5,0,0,0,0,3,work quality,2,reliability,2,painting,,,,,,,,,,,,,,,"https://www.google.com/maps/search/Plastering%20/@51.5745282773077,0.0480168230646735,13z?hl=en",Seymour Ave,,Greg Pro Renovation,5,https://www.google.com/maps/search/?api=1&query=Greg%20Pro%20Renovation&query_place_id=ChIJNwkLq4gddkgRWumwIzkMlUY,"Greg Pro Renovation is a London-based renovation company specialising in kitchens, bathrooms, full home refurbishments and more.",https://gregprorenovation.co.uk,"Greg Pro Renovation London | Kitchens, Bathrooms ...",https://gregprorenovation.co.uk/,"info@gregprorenovation.co.uk. Facebook-f Instagram. GREG PRO RENOVATION LTD 123 Example Road, London, England, E1 123 Company registration No. 123456789.",https://gregprorenovation.co.uk › projects,Projects - GREG PRO Renovation,https://gregprorenovation.co.uk/projects/,Greg Builder's is a highly reputable contracting company which does projects for both development companies and the private sector.,https://gregbuilders.co.uk,GREG BUILDERS,https://gregbuilders.co.uk/,https://gregprorenovation.co.uk/
"Leyton, 52 Grange Park Rd, London E10 5ES, United Kingdom",eapaintingdecorating.com,https://www.eapaintingdecorating.com/,,,Painter,Plasterer,Tile contractor,Wallpaper installer,,,,,,Painter,London,Eegidijus122@gmail.com,,,,,,,,,,,,,,,,,,,,,,,,,,,,,,51.5649805,-0.0139625,,false,+44 7544 245580,447544245580,447544245580,7544245580,,,7544245580,,,,,,,,,,,,,,,,,E10 5ES,13,12,1,0,0,0,2,prepping,3,attention to detail,3,quality of work,4,cleanliness,3,decorating,4,punctuality,2,stairs,2,job,2,room,2,hallway,"https://www.google.com/maps/search/Painting/@51.5745282773077,0.0480168230646735,13z?hl=en","Leyton, 52 Grange Park Rd",,EA PAINTING & DECORATING LTD,4.9,https://www.google.com/maps/search/?api=1&query=EA%20PAINTING%20%26%20DECORATING%20LTD&query_place_id=ChIJt5chv1N62iYRPhIN1oe5bgw,Here at EA PAINTING & DECORATING LTD we provide professional painting decorating services to our customers in and around the London area.,https://www.eapaintingdecorating.com,ea painting & decorating ltd,https://www.eapaintingdecorating.com/,"EA PAINTING & DECORATING LTD ... More for EA PAINTING & DECORATING LTD (15843983). Registered office address: 52 Grange Park Road, London, England, E10 5ES.",https://find-and-update.company-information.service.gov.uk › ...,ea painting & decorating ltd - Companies House,https://find-and-update.company-information.service.gov.uk/company/15843983,EA Painting & Decorating Ltd are painters & decorators in London. Contact ... Browse all Painters & Decorators in the UKBrowse all trades in LondonMore ...,https://uktradefinder.com › business › ea-painting-deco...,EA Painting & Decorating Ltd - Painters & Decorators in London,https://uktradefinder.com/business/ea-painting-decorating-ltd,https://www.eapaintingdecorating.com/
"Euro suite, 16, 18 Woodford Rd, London E7 0HA, United Kingdom",,,,,Roofing contractor,,,,,,,,,Roofing contractor,London,djmroofing@hotmail.com,,,,,,,,,,,,,,,,,,,,,,,,,,,,,,51.553033,0.025437,,false,+44 20 8502 5080,442085025080,020 8502 5080,,,,020 8502 508007,881 530 012,020 8502 5080,7881 530 012,,,,,,,,,,,,,,E7 0HA,139,134,0,3,0,2,15,new gutters,8,flat roof repair,30,small jobs,6,quick work,6,honest assessment,3,competitive quote,9,leak repair,3,explanation of work,2,chimney repairs,24,work quality,"https://www.google.com/maps/search/Roofing/@51.5745282773077,0.0480168230646735,13z?hl=en","Euro suite, 16, 18 Woodford Rd",,DJM Roofing Ltd,4.9,https://www.google.com/maps/search/?api=1&query=DJM%20Roofing%20Ltd&query_place_id=ChIJ94ZJlqGn2EcRi-XAs45RYA4,"At DJM Roofing Ltd, we believe that it's essential to choose the right roof for your property. Established in 1982, our family run business provides a reliable ...",https://www.djmroofingltd.co.uk,"DJM Roofing Ltd, experienced roofers in East London",https://www.djmroofingltd.co.uk/,Roofing Contractor · Construction Company. Contact info. United Kingdom. www.djmroofingltd.co.uk. 4.3. Excellent. TrustScore 4.5 out of 5. 7 reviews. 5-star. 4- ...,https://www.trustpilot.com › ... › Roofing Contractor,Djmroofingltd Reviews 7 - Trustpilot,https://www.trustpilot.com/review/www.djmroofingltd.co.uk,"DJM ROOFING LTD - Free company information from Companies House including registered office address, filing history, accounts, annual return, officers, ...",https://find-and-update.company-information.service.gov.uk › ...,DJM ROOFING LTD overview - Companies House - GOV.UK,https://find-and-update.company-information.service.gov.uk/company/08066366,https://www.djmroofingltd.co.uk/
"22 Mendip Rd, Ilford IG2 7PN, United Kingdom",,,,,General contractor,Carpenter,Interior construction contractor,,,,,,,General contractor,Ilford,,,,,,,,,,,,,,,,,,,,,,,,,,,,,,,51.5788272,0.0946418,,false,+44 7446 688596,447446688596,,,,,,,,,,,,,,,,,,,,,,IG2 7PN,9,8,0,1,0,0,,,,,,,,,,,,,,,,,,,,,"https://www.google.com/maps/search/Carpentry%20/@51.5745282773077,0.0480168230646735,13z?hl=en",22 Mendip Rd,,The English Carpentry and Building Services,4.6,https://www.google.com/maps/search/?api=1&query=The%20English%20Carpentry%20and%20Building%20Services&query_place_id=ChIJ96vK7Sek2EcRdksTpDbzph4,"To use the service, you'll need: the address you want the certificate to be delivered to (UK or international); a credit or debit card for payment. Order ...",https://find-and-update.company-information.service.gov.uk › ...,the english carpentry and building company limited,https://find-and-update.company-information.service.gov.uk/company/06803947/more,"The English Carpentry and Building Services, 22 Mendip Rd, United Kingdom, location on the map, carpenter, telephone +44 7446 688596.",https://mw.maptons.com › ...,"The English Carpentry and Building Services, 22 Mendip Rd ...",https://mw.maptons.com/p/4822114311,"Place Details ; Name, Address and postcode ; English Carpentry and Building Services, 85 Orford Road, Ilford, London IG3 8EY ...",https://bigreddirectory.com › ... › Home improvement,"English Carpentry and Building Services - Ilford, London",https://bigreddirectory.com/english-carpentry-and-building-services-ilford-london,http://www.englishcarpentry.com/
"68 Heathway, Dagenham RM10 9PL, United Kingdom",,,,,Carpenter,Flooring contractor,Kitchen remodeler,Siding contractor,Stair contractor,,,,,Carpenter,Dagenham,Support@360carpentry.co.uk,support@360carpentry.co.uk,,,,,,,,,,,,,,,,,,,,,,,,,,,,,51.5347472,0.1484494,,false,+44 7846 268733,447846268733,442080583950,7846268733,,,+44 78462687,+44 20805839,442080583950,2026 360,0784 626 8733,,,,,,,,,,,,,RM10 9PL,87,86,0,1,0,0,,,,,,,,,,,,,,,,,,,,,"https://www.google.com/maps/search/Carpentry%20/@51.5745282773077,0.0480168230646735,13z?hl=en",68 Heathway,,360 Carpentry,5,https://www.google.com/maps/search/?api=1&query=360%20Carpentry&query_place_id=ChIJ18MO-J6l2EcRvzrxwoQCt6g,"Trusted 5-star carpenters covering Dagenham, East London & Essex. Fitted wardrobes, doors, kitchens & bespoke joinery. Free, no-obligation quotes.",https://360carpentry.co.uk,"360 Carpentry: Carpenter in Dagenham, East London & Essex",https://360carpentry.co.uk/,"360 Carpentry, Dagenham. 112 likes. Our carpentry services specialize in a wide range of home projects ... support@360carpentry.co.uk. Photos. See all. Posts.",https://www.facebook.com › ... › Home Improvement,360 Carpentry | Dagenham - Facebook,https://www.facebook.com/designdbuild/,"With over 15 years of carpentry experience, we offer a variety of different services to transform the look of your home, including loft conversions, ...",https://www.360-carpentry.co.uk,360 Carpenrty,https://www.360-carpentry.co.uk/,https://360carpentry.co.uk/
"423 High St N, London E12 6TL, United Kingdom",,,,,Contractor,Gardener,Landscape designer,Landscaper,Pressure washing service,,,,,Contractor,London,hello@jaysgardening.com,,,,,,,,,,,,,,,,,,,,,,,,,,,,,,51.5464,0.0486719,,false,+44 7884 427556,447884427556,7884427556,4407884427556,,,7884 427556,+44 07884,7884427556,(44) 07884 427556,,,,,,,,,,,,,,E12 6TL,9,8,0,1,0,0,2,garden transformation,2,future,,,,,,,,,,,,,,,,,"https://www.google.com/maps/search/Gardening/@51.5745282773077,0.0480168230646735,13z?hl=en",423 High St N,,Jays Gardening Services,4.6,https://www.google.com/maps/search/?api=1&query=Jays%20Gardening%20Services&query_place_id=ChIJEeTQxrAcdkgRUTE4xdWjAGE,"The team at Jay's Gardening are professional landscapers and garden maintenance specialists, and we love transforming outdoor spaces across London. Whether you ...",https://www.jaysgardening.com,"Jay's Landscaping, and Garden Maintenance Services in ...",https://www.jaysgardening.com/,9 Faves for jay's gardening services from neighbours in London. Professional services all jobs are welcome no job is too big or small.,https://nextdoor.co.uk › pages › jays-gardening-service...,jay's gardening services - London - Nextdoor,https://nextdoor.co.uk/pages/jays-gardening-services-4/,"Our lawn mowing service is all about giving you the best quality for your garden. Whether you've got a tiny front garden, a huge back garden or even a large ...",https://jaysgardeningservices.co.uk › gardens,Gardens - Jays Gardening Services,https://jaysgardeningservices.co.uk/gardens/,https://www.jaysgardening.com/
"Churchill Lodge, 50 Savill Row, Woodford, Woodford Green IG8 0UE, United Kingdom",,,,,Roofing contractor,,,,,,,,,Roofing contractor,Woodford Green,,,,,,,,,,,,,,,,,,,,,,,,,,,,,,,51.60838,0.0198707,,false,+44 7730 594461,447730594461,,,,,,,,,,,,,,,,,,,,,,IG8 0UE,77,76,0,1,0,0,5,chimney stack repair,2,pitched roof repair,10,reasonable quote,2,garage roof repair,7,gutters,4,tidy work,2,reliable roofing company,4,tile repair,3,quick assessment,8,polite staff,"https://www.google.com/maps/search/Roofing/@51.5745282773077,0.0480168230646735,13z?hl=en","Churchill Lodge, 50 Savill Row",,Woodford Roofing,4.9,https://www.google.com/maps/search/?api=1&query=Woodford%20Roofing&query_place_id=ChIJR-HyDbeg2EcRedxYffBVapA,We are your Local Emergency Roofers in the Woodford Green Roofing area. We can help with all your Emergency Roof Repairs. Contact us now.,https://woodfordgreenroofing.co.uk,Woodford Green Roofing | Local Emergency Roofer Woodford ...,https://woodfordgreenroofing.co.uk/,"WOODFORD ROOFING LTD - Free company information from Companies House including registered office address, filing history, accounts, annual return, officers, ...",https://find-and-update.company-information.service.gov.uk › ...,woodford roofing ltd - Companies House - GOV.UK,https://find-and-update.company-information.service.gov.uk/company/12500143,"Find Woodford Roofing in Woodford Green, IG8. Read 10 reviews, get contact details, photos, opening times and map directions.",https://www.yell.com › biz › woodford-roofing-woodf...,"Woodford Roofing, Woodford Green | Roofers - Yell",https://www.yell.com/biz/woodford-roofing-woodford-green-8194584/,http://www.woodfordroofingltd.co.uk/
"Office 13, Access house, Cray Ave., Orpington BR5 3QB, United Kingdom",,,,,Mover,House cleaning service,House clearance service,Junk removal service,Logistics service,Moving and storage service,Packaging company,Storage facility,,Mover,Orpington,info@mitchellsmovingcompany.com,,,This Page isn't currently running ads.,Page,Home Mover,,https://scontent-atl3-3.xx.fbcdn.net/v/t39.30808-6/467187532_570513228962746_4914239371734721510_n.jpg?stp=dst-jpg_tt6&cstp=mx1024x768&ctp=s960x960&_nc_cat=107&ccb=1-7&_nc_sid=cc71e4&_nc_ohc=cfoAKi--Rl8Q7kNvwEjxrAH&_nc_oc=Adp4rc_ztthl-XWQFxEuw5kKQY5IVBAdu4JyUvDGdZU-2LdaCAE_hlbSs2PB_nGDnNs&_nc_zt=23&_nc_ht=scontent-atl3-3.xx&_nc_gid=gLTPU8jDuVdhz_Cdb9imbQ&_nc_ss=72289&oh=00_AQCRlPVtEiXUh02cNYhaUhTZ0kns36GeJjxWtmCUAxcbdA&oe=6A53D5B1,"April 6, 2022",,,https://mitchellsmovingcompany.co.uk/,100083234085501,61,,"Mitchells Moving Company, Orpington. 61 likes. Home Mover",,,61,"Office 13, Access House, Orpington, United Kingdom, BR5 3QB",,+44 20 3174 0473,,Mitchells Moving Company | Orpington,https://scontent-atl3-1.xx.fbcdn.net/v/t39.30808-1/294435221_146108401403233_4295911215373638978_n.jpg?stp=dst-jpg_tt6&cstp=mx810x810&ctp=s200x200&_nc_cat=100&ccb=1-7&_nc_sid=f907e8&_nc_ohc=YiEw5tGyvy0Q7kNvwHbJWq0&_nc_oc=AdoD1X3jx_WRMLJyobIHXXz4RO00qH-WMCms7l34mftGA_iSLKrlfgTuRbqzVDBe0Mw&_nc_zt=24&_nc_ht=scontent-atl3-1.xx&_nc_gid=b9P-OoDdmqacyKy3vz93sA&_nc_ss=72289&oh=00_AQDq1Eu8bp2OvaVsDquLeoP-5Vd2-8hy3LTThZjMrALYNg&oe=6A53DD16,https://www.facebook.com/mitchellsmovingcompany,https://www.facebook.com/mitchellsmovingcompany,https://www.facebook.com/mitchellsmovingcompany,mitchellsmovingcompany,,51.3903982,0.109422,,false,+44 800 023 4610,448000234610,448000234610,408000234610,448000234610,8000234610,0800 023 4610,+44 800 023 4610,51.369108,96486645,154577791095853,,,,,,,,,,,,,BR5 3QB,40,34,0,4,1,1,2,helpful team,3,smooth process,2,oversized-item moving,3,polite staff,2,careful handling,2,van,2,politeness,2,pleasantness,3,communication,2,drawers,"https://www.google.com/maps/search/Removals/@51.31885544538459,0.184284196129347,13z?hl=en","Office 13, Access house, Cray Ave.",,Mitchells Moving Company Ltd,4.5,https://www.google.com/maps/search/?api=1&query=Mitchells%20Moving%20Company%20Ltd&query_place_id=ChIJCf67H0oHdkgRoGBPx5dI-QQ,"You must find a removal company, pack everything up, figure out what you're taking with you and more. Mitchells Moving Company takes the hassle out of moving ...",https://mitchellsmovingcompany.com › domestic › orpi...,"Removals in Orpington: Expert Packing, Relocation & Storage",https://mitchellsmovingcompany.com/domestic/removals/orpington/,"Wondering how to transport your heavy, secure safe during a move? Mitchells Moving Company provides specialised safe relocation services to ensure it's moved ...",https://www.facebook.com › ... › Home Mover,Mitchells Moving Company | Orpington - Facebook,https://www.facebook.com/mitchellsmovingcompany/,"Mitchells Moving Company has a removals team that is unrivalled, providing excellent services throughout Bromley that give you the support you need. Many ...",https://mitchellsmovingcompany.com,Mitchells Moving Company,https://mitchellsmovingcompany.com/,https://mitchellsmovingcompany.com/
"115 George Ln, London E18 1AB, United Kingdom",,,,,Roofing contractor,Contractor,Gutter cleaning service,,,,,,,Roofing contractor,London,roofing268@gmail.com,,,,,,,,,,,,,,,,,,,,,,,,,,,,,Woodford Business Centre Ltd,51.5926854,0.0266803,,false,+44 7939 488956,447939488956,7939488956,,,,7939488956,,,,,,,,,,,,,,,,,E18 1AB,51,50,0,0,1,0,3,flat roof repair,17,knowledgeable staff,3,polite team,2,regular updates,2,thorough team,6,clear explanations,3,skilled team,8,leak,3,quality repairs,3,assessment,"https://www.google.com/maps/search/Roofing/@51.5745282773077,0.0480168230646735,13z?hl=en",115 George Ln,,Rushmoore Roofing - Roof Repair Woodford,5,https://www.google.com/maps/search/?api=1&query=Rushmoore%20Roofing%20-%20Roof%20Repair%20Woodford&query_place_id=ChIJrbVD7qen2EcRnVoxhOWiIFw,,,,,,,,,,,,,https://rushmooreroofinguk.com/
